dataset,eps_y_nm,seed,n_x,n_y,n_z,n_m,channel,n_pairs,n_reach,reach_pct,median_pt_MeV,median_pt_reach_MeV
nominal,1.0,100805,512,512,25,100000,ALL,123064,125,0.10157316518234415,2.156017516639772,15.705448385173987
nominal,1.0,100805,512,512,25,100000,BH,65040,63,0.09686346863468635,3.382187970126967,17.28745206952021
nominal,1.0,100805,512,512,25,100000,BW,2948,10,0.33921302578018997,1.546359628079448,19.048433081093503
nominal,1.0,100805,512,512,25,100000,LL,55076,52,0.09441499019536641,1.3238509837948556,14.55535003658955
nominal,1.0,105469,512,512,25,100000,ALL,126728,108,0.08522189255728806,2.1221311182494644,15.406608339380737
nominal,1.0,105469,512,512,25,100000,BH,66112,43,0.06504114230396903,3.3223376088531675,14.32755812537913
nominal,1.0,105469,512,512,25,100000,BW,2874,14,0.4871259568545581,1.4173535189351043,17.18087231251101
nominal,1.0,105469,512,512,25,100000,LL,57742,51,0.0883239236604205,1.3471540469005474,15.822667665918017
nominal,1.0,130471,512,512,25,100000,ALL,120358,127,0.10551853636650659,2.148327465329277,14.906673658584888
nominal,1.0,130471,512,512,25,100000,BH,62882,53,0.08428485099074456,3.3768932799888494,17.277179943485226
nominal,1.0,130471,512,512,25,100000,BW,2800,11,0.39285714285714285,1.5385089009838646,12.915748420308407
nominal,1.0,130471,512,512,25,100000,LL,54676,63,0.11522423000951057,1.3422551360209238,13.898505663127965
nominal,1.0,135135,512,512,25,100000,ALL,124880,138,0.11050608584240872,2.0991522323526053,15.377507188050052
nominal,1.0,135135,512,512,25,100000,BH,64978,52,0.08002708609067684,3.3347488846553546,13.43580019591724
nominal,1.0,135135,512,512,25,100000,BW,2716,13,0.4786450662739323,1.4193789384659712,15.859613248381303
nominal,1.0,135135,512,512,25,100000,LL,57186,73,0.1276536215157556,1.3121058641704157,17.04192017536443
nominal,1.0,143455,512,512,25,100000,ALL,124592,138,0.11076152561962245,2.147440165703399,16.187180547087397
nominal,1.0,143455,512,512,25,100000,BH,65386,51,0.07799834827027192,3.341331781543535,16.376394846445628
nominal,1.0,143455,512,512,25,100000,BW,2958,12,0.4056795131845842,1.5404182561898005,14.466387701866118
nominal,1.0,143455,512,512,25,100000,LL,56248,75,0.13333807424263974,1.357441541772892,16.15762622430967
nominal,1.0,145992,512,512,25,100000,ALL,131828,139,0.10544042236854083,2.1886478262494387,15.268101381062614
nominal,1.0,145992,512,512,25,100000,BH,68874,57,0.0827598222841711,3.398324262762108,16.37628899120129
nominal,1.0,145992,512,512,25,100000,BW,3000,16,0.5333333333333333,1.4817461506063092,19.646514093621924
nominal,1.0,145992,512,512,25,100000,LL,59954,66,0.11008439803849618,1.381148830660955,14.352571861379289
nominal,1.0,153768,512,512,25,100000,ALL,123958,118,0.0951935332935349,2.184499627291389,15.624105577510358
nominal,1.0,153768,512,512,25,100000,BH,65558,54,0.0823698099392904,3.3838074705090517,16.063097511946193
nominal,1.0,153768,512,512,25,100000,BW,2906,5,0.1720578114246387,1.5382050123473188,18.563065802440274
nominal,1.0,153768,512,512,25,100000,LL,55494,59,0.10631780012253576,1.364317205741925,15.126571135067046
nominal,1.0,159302,512,512,25,100000,ALL,121754,124,0.10184470325410254,2.171293266619771,15.483340687454753
nominal,1.0,159302,512,512,25,100000,BH,64428,53,0.08226237039796362,3.3724130074537038,17.721018432413608
nominal,1.0,159302,512,512,25,100000,BW,2848,15,0.526685393258427,1.5393265002468428,18.09859638691381
nominal,1.0,159302,512,512,25,100000,LL,54478,56,0.1027937883182202,1.3471868758833332,14.546102580276667
nominal,1.0,167029,512,512,25,100000,ALL,127202,102,0.08018741843681704,2.1929658809912804,14.559569674835128
nominal,1.0,167029,512,512,25,100000,BH,67114,52,0.07748010847215187,3.388757382145327,14.38680240225966
nominal,1.0,167029,512,512,25,100000,BW,3016,9,0.2984084880636605,1.4960798812345883,18.041698960035053
nominal,1.0,167029,512,512,25,100000,LL,57072,41,0.07183908045977011,1.3790640422601301,15.000873174491744
nominal,1.0,167815,512,512,25,100000,ALL,123476,123,0.09961449998380252,2.1513566422585377,14.939659997801677
nominal,1.0,167815,512,512,25,100000,BH,64300,53,0.08242612752721618,3.370320126657918,14.017907223095557
nominal,1.0,167815,512,512,25,100000,BW,2924,11,0.3761969904240766,1.555932413834358,13.231802884381093
nominal,1.0,167815,512,512,25,100000,LL,56252,59,0.1048851596387684,1.3301148242816632,16.30986774828148
calibrated,8.0,100805,512,128,64,250000,ALL,67912,83,0.12221698668865591,2.0748232766305197,16.764343892617067
calibrated,8.0,100805,512,128,64,250000,BH,36848,38,0.10312635692574902,3.2719144670394877,21.21403538992086
calibrated,8.0,100805,512,128,64,250000,BW,1496,10,0.6684491978609626,1.461990303920138,12.84759833815276
calibrated,8.0,100805,512,128,64,250000,LL,29568,35,0.11837121212121213,1.2388269432851169,15.444008023230795
calibrated,8.0,105469,512,128,64,250000,ALL,66918,65,0.09713380555306494,2.0549700109734874,16.8685641104381
calibrated,8.0,105469,512,128,64,250000,BH,36656,40,0.10912265386294194,3.217002269308277,17.396746959267844
calibrated,8.0,105469,512,128,64,250000,BW,1518,10,0.6587615283267457,1.53861412260256,16.219933359156695
calibrated,8.0,105469,512,128,64,250000,LL,28744,15,0.05218480378513777,1.2001602826354536,16.817230530345196
calibrated,8.0,130471,512,128,64,250000,ALL,67074,54,0.08050809553627337,2.0632871256675105,15.384075261840755
calibrated,8.0,130471,512,128,64,250000,BH,36376,26,0.07147569826259072,3.1993781074399807,16.03032526589461
calibrated,8.0,130471,512,128,64,250000,BW,1540,4,0.2597402597402597,1.5790044151268756,11.358901348319634
calibrated,8.0,130471,512,128,64,250000,LL,29158,24,0.08231017216544345,1.2439136984550903,14.679440786858091
calibrated,8.0,135135,512,128,64,250000,ALL,66302,61,0.09200325782027692,2.03893491076748,13.91930545407157
calibrated,8.0,135135,512,128,64,250000,BH,36208,23,0.0635218736190897,3.1487706109695295,13.91930545407157
calibrated,8.0,135135,512,128,64,250000,BW,1468,1,0.0681198910081744,1.45229983754769,12.945938263498883
calibrated,8.0,135135,512,128,64,250000,LL,28626,37,0.12925312652833088,1.2216524868651022,14.147884738655652
calibrated,8.0,143455,512,128,64,250000,ALL,68016,76,0.11173841449070807,2.050064070175478,15.43491224430743
calibrated,8.0,143455,512,128,64,250000,BH,37010,34,0.09186706295595785,3.170890486529989,14.542893805251877
calibrated,8.0,143455,512,128,64,250000,BW,1542,12,0.7782101167315175,1.4704967398897788,22.23260963695911
calibrated,8.0,143455,512,128,64,250000,LL,29464,30,0.10181916915557969,1.2303423355798926,15.725245026399385
calibrated,8.0,145992,512,128,64,250000,ALL,67590,51,0.0754549489569463,2.0703876435730053,15.86465748800174
calibrated,8.0,145992,512,128,64,250000,BH,36596,20,0.05465078150617554,3.2790871381801443,14.140156831722893
calibrated,8.0,145992,512,128,64,250000,BW,1574,9,0.5717916137229987,1.5902197424286069,26.356993768403523
calibrated,8.0,145992,512,128,64,250000,LL,29420,22,0.07477906186267845,1.2293542683516576,13.732142323157445
calibrated,8.0,153768,512,128,64,250000,ALL,65842,70,0.106315118009781,2.0687787330859497,15.54490032636745
calibrated,8.0,153768,512,128,64,250000,BH,35820,30,0.08375209380234507,3.231360928821729,14.868960283492584
calibrated,8.0,153768,512,128,64,250000,BW,1490,6,0.40268456375838924,1.593144591765242,20.790020047810255
calibrated,8.0,153768,512,128,64,250000,LL,28532,34,0.11916444693677275,1.2342152684338288,15.54490032636745
calibrated,8.0,159302,512,128,64,250000,ALL,67270,51,0.0758138843466627,2.066568509121519,15.105767792096643
calibrated,8.0,159302,512,128,64,250000,BH,36692,20,0.054507794614629894,3.236373731507314,16.086790536536277
calibrated,8.0,159302,512,128,64,250000,BW,1576,3,0.19035532994923857,1.4775016114587358,53.77231080679007
calibrated,8.0,159302,512,128,64,250000,LL,29002,28,0.09654506585752706,1.2664432988700876,14.038836393126298
calibrated,8.0,167029,512,128,64,250000,ALL,66466,73,0.10983059007612915,2.0666154867018873,17.458575996417945
calibrated,8.0,167029,512,128,64,250000,BH,36244,27,0.07449508884229114,3.2558190856451015,17.62399913304142
calibrated,8.0,167029,512,128,64,250000,BW,1516,12,0.7915567282321899,1.542533129931738,18.957604070242343
calibrated,8.0,167029,512,128,64,250000,LL,28706,34,0.11844213753222323,1.2083496902390636,14.518446597168538
calibrated,8.0,167815,512,128,64,250000,ALL,66100,62,0.09379727685325265,2.0513669344192795,15.396892908548132
calibrated,8.0,167815,512,128,64,250000,BH,36074,29,0.08039030880966902,3.177711939968257,15.925962527021438
calibrated,8.0,167815,512,128,64,250000,BW,1506,9,0.5976095617529881,1.5830401345412701,19.34101671682943
calibrated,8.0,167815,512,128,64,250000,LL,28520,24,0.08415147265077139,1.221569590721879,14.276953336834282
nominal,8.0,100805,512,512,25,100000,ALL,68868,72,0.10454783063251437,2.1129308634348893,17.6932865016865
nominal,8.0,100805,512,512,25,100000,BH,38186,26,0.06808778086209606,3.293694294397763,17.6932865016865
nominal,8.0,100805,512,512,25,100000,BW,1614,9,0.5576208178438662,1.6551284937866095,26.632719977814897
nominal,8.0,100805,512,512,25,100000,LL,29068,37,0.12728773909453694,1.2440559119756298,15.928621557376971
nominal,8.0,105469,512,512,25,100000,ALL,68808,65,0.09446575979537263,2.1125306971758464,14.50949681213425
nominal,8.0,105469,512,512,25,100000,BH,38406,36,0.09373535385096078,3.2535258161708667,15.772715479236975
nominal,8.0,105469,512,512,25,100000,BW,1658,4,0.24125452352231605,1.4489492761363585,12.983542802234448
nominal,8.0,105469,512,512,25,100000,LL,28744,25,0.08697467297522961,1.2649099485381354,14.50949681213425
nominal,8.0,130471,512,512,25,100000,ALL,68488,63,0.0919869174161897,2.0630448993998924,16.65908946755233
nominal,8.0,130471,512,512,25,100000,BH,37694,32,0.08489414760969916,3.1773890454740865,16.073511420477423
nominal,8.0,130471,512,512,25,100000,BW,1484,9,0.6064690026954178,1.5308914027506495,19.42543429991739
nominal,8.0,130471,512,512,25,100000,LL,29310,22,0.07505970658478335,1.2541302916975268,17.262930987592927
nominal,8.0,135135,512,512,25,100000,ALL,68694,62,0.09025533525489854,2.069112147403412,15.97233801877481
nominal,8.0,135135,512,512,25,100000,BH,37820,23,0.060814383923849816,3.237502896521434,16.47735434525389
nominal,8.0,135135,512,512,25,100000,BW,1666,11,0.6602641056422569,1.3036314419285489,20.83414013377574
nominal,8.0,135135,512,512,25,100000,LL,29208,28,0.0958641468090934,1.2176881974565756,14.212701182910417
nominal,8.0,143455,512,512,25,100000,ALL,69186,68,0.09828578036018848,2.0788108444441438,13.863637888803165
nominal,8.0,143455,512,512,25,100000,BH,38050,34,0.08935611038107753,3.213728277994709,14.506887277411124
nominal,8.0,143455,512,512,25,100000,BW,1676,4,0.2386634844868735,1.4943355075266038,16.66690978937021
nominal,8.0,143455,512,512,25,100000,LL,29460,30,0.10183299389002037,1.2222606157496847,12.298878084456959
nominal,8.0,145992,512,512,25,100000,ALL,70714,56,0.07919223916056227,2.073518656178916,14.623268580991326
nominal,8.0,145992,512,512,25,100000,BH,39058,27,0.06912796354139997,3.1956415828548947,12.752704722156999
nominal,8.0,145992,512,512,25,100000,BW,1682,6,0.356718192627824,1.6055061383798481,19.02676163406834
nominal,8.0,145992,512,512,25,100000,LL,29974,23,0.07673316874624675,1.2266830385190102,16.559717274577885
nominal,8.0,153768,512,512,25,100000,ALL,67728,66,0.09744861800141744,2.0417064870511927,15.408551343713292
nominal,8.0,153768,512,512,25,100000,BH,37360,32,0.08565310492505353,3.177112133854263,16.407507966888385
nominal,8.0,153768,512,512,25,100000,BW,1590,8,0.5031446540880503,1.4560791181782284,19.292312575020357
nominal,8.0,153768,512,512,25,100000,LL,28778,26,0.09034679268885955,1.198006976129868,13.972126747623628
nominal,8.0,159302,512,512,25,100000,ALL,68242,69,0.10111075290876587,2.0626265188276567,13.934795864967354
nominal,8.0,159302,512,512,25,100000,BH,37848,37,0.09775945888818431,3.225414602791993,14.811024299138902
nominal,8.0,159302,512,512,25,100000,BW,1648,3,0.1820388349514563,1.6022693866257316,17.61983647668319
nominal,8.0,159302,512,512,25,100000,LL,28746,29,0.10088360119668824,1.2078550782879245,13.041798260557107
nominal,8.0,167029,512,512,25,100000,ALL,69592,57,0.08190596620301184,2.054127684093013,17.092822086079423
nominal,8.0,167029,512,512,25,100000,BH,38228,26,0.06801297478288165,3.217785856630474,15.567293883651818
nominal,8.0,167029,512,512,25,100000,BW,1586,5,0.31525851197982346,1.5029275548778316,21.732181520065893
nominal,8.0,167029,512,512,25,100000,LL,29778,26,0.08731278124790114,1.22851913713415,18.653616460214415
nominal,8.0,167815,512,512,25,100000,ALL,66258,75,0.11319387847505206,2.049902211564741,14.923944627779086
nominal,8.0,167815,512,512,25,100000,BH,36290,30,0.08266740148801323,3.1571337999878426,14.696398087122857
nominal,8.0,167815,512,512,25,100000,BW,1692,13,0.7683215130023641,1.527697841474938,14.919095807770699
nominal,8.0,167815,512,512,25,100000,LL,28276,32,0.1131701796576602,1.23256871249328,14.981985142681872
calibrated,20.0,100805,512,128,64,80000,ALL,46080,34,0.07378472222222222,2.073202459455692,16.53834069399057
calibrated,20.0,100805,512,128,64,80000,BH,25906,15,0.05790164440670115,3.208244905597996,17.34233958450245
calibrated,20.0,100805,512,128,64,80000,BW,1118,1,0.08944543828264759,1.4461451167758497,12.249394748520858
calibrated,20.0,100805,512,128,64,80000,LL,19056,18,0.09445843828715365,1.2223023786680225,16.815511377331095
calibrated,20.0,105469,512,128,64,80000,ALL,45460,39,0.08578970523537176,2.070531417306882,14.4989845931357
calibrated,20.0,105469,512,128,64,80000,BH,25580,23,0.08991399530883502,3.1778932456938103,13.949615538592392
calibrated,20.0,105469,512,128,64,80000,BW,1012,4,0.3952569169960474,1.5872280985587346,14.055127183881291
calibrated,20.0,105469,512,128,64,80000,LL,18868,12,0.0635997456010176,1.211022692937224,15.998527328425512
calibrated,20.0,130471,512,128,64,80000,ALL,45006,31,0.0688797049282318,2.0786077541823142,18.145993915488575
calibrated,20.0,130471,512,128,64,80000,BH,25622,23,0.08976660682226212,3.1903941697693634,19.57858076657402
calibrated,20.0,130471,512,128,64,80000,BW,1072,2,0.1865671641791045,1.677774033586149,20.709237654018978
calibrated,20.0,130471,512,128,64,80000,LL,18312,6,0.0327653997378768,1.1939297967594595,13.67107827383713
calibrated,20.0,135135,512,128,64,80000,ALL,45676,35,0.07662667484017865,2.0483201384664875,14.63595576274465
calibrated,20.0,135135,512,128,64,80000,BH,25852,19,0.07349528082933622,3.1674267714284343,18.352482297630615
calibrated,20.0,135135,512,128,64,80000,BW,1148,5,0.4355400696864111,1.4700606061699006,27.69225750651427
calibrated,20.0,135135,512,128,64,80000,LL,18676,11,0.058899121867637606,1.1792207409758138,12.760828108344134
calibrated,20.0,143455,512,128,64,80000,ALL,45794,32,0.06987814997597938,2.0239166513296576,14.463745766136096
calibrated,20.0,143455,512,128,64,80000,BH,25940,21,0.08095605242868158,3.0587616010415153,16.844992406211826
calibrated,20.0,143455,512,128,64,80000,BW,1032,3,0.29069767441860467,1.2450172229901924,13.031530888383529
calibrated,20.0,143455,512,128,64,80000,LL,18822,8,0.042503453405589205,1.1874915048913874,15.088335419930768
calibrated,20.0,145992,512,128,64,80000,ALL,46288,61,0.1317836156239198,2.0543792464949835,15.951576868685907
calibrated,20.0,145992,512,128,64,80000,BH,26154,36,0.13764624913971094,3.183164497013298,17.837149186696344
calibrated,20.0,145992,512,128,64,80000,BW,1114,5,0.4488330341113106,1.646124009789776,14.582974117697656
calibrated,20.0,145992,512,128,64,80000,LL,19020,20,0.10515247108307045,1.2042385957397175,12.616747208635216
calibrated,20.0,153768,512,128,64,80000,ALL,45556,55,0.12073052945824919,2.040425046639747,15.435427457302778
calibrated,20.0,153768,512,128,64,80000,BH,26092,22,0.08431703204047218,3.150094722335008,15.761333631881778
calibrated,20.0,153768,512,128,64,80000,BW,1100,10,0.9090909090909091,1.561867281189861,16.075215482355166
calibrated,20.0,153768,512,128,64,80000,LL,18364,23,0.12524504465258113,1.173517509004452,14.17465947659279
calibrated,20.0,159302,512,128,64,80000,ALL,45990,39,0.08480104370515329,2.0282007293015294,15.226843198929892
calibrated,20.0,159302,512,128,64,80000,BH,25852,17,0.06575893547887977,3.096119749505326,15.498564392511906
calibrated,20.0,159302,512,128,64,80000,BW,1176,6,0.5102040816326531,1.6379216710678222,12.271185033134865
calibrated,20.0,159302,512,128,64,80000,LL,18962,16,0.0843792848855606,1.200058767657043,17.670323914310206
calibrated,20.0,167029,512,128,64,80000,ALL,46294,35,0.07560374994599732,2.058355943866233,19.59380996229484
calibrated,20.0,167029,512,128,64,80000,BH,26540,18,0.06782215523737754,3.1358083112560955,20.725942327148353
calibrated,20.0,167029,512,128,64,80000,BW,1166,7,0.6003430531732419,1.6855568749369014,29.38488015440275
calibrated,20.0,167029,512,128,64,80000,LL,18588,10,0.05379814934366258,1.2072736577904282,14.748231330723996
calibrated,20.0,167815,512,128,64,80000,ALL,45918,53,0.11542314560738708,2.04906625928605,14.846927777964988
calibrated,20.0,167815,512,128,64,80000,BH,26176,25,0.09550733496332518,3.070590582381358,15.306125806787442
calibrated,20.0,167815,512,128,64,80000,BW,1058,3,0.2835538752362949,1.656649526671468,12.63851651011864
calibrated,20.0,167815,512,128,64,80000,LL,18684,25,0.13380432455576965,1.2192519027454713,14.846927777964988
nominal,20.0,100805,512,512,25,100000,ALL,47244,54,0.1143002286004572,2.014389097320299,16.080207749818907
nominal,20.0,100805,512,512,25,100000,BH,26800,27,0.10074626865671642,3.1154911604816657,15.465837725951163
nominal,20.0,100805,512,512,25,100000,BW,1034,5,0.4835589941972921,1.4402691021521736,20.341503342200703
nominal,20.0,100805,512,512,25,100000,LL,19410,22,0.11334363730036064,1.1563569642731724,20.271085747905335
nominal,20.0,105469,512,512,25,100000,ALL,46918,37,0.07886099151711497,2.063345984445595,13.390225247815334
nominal,20.0,105469,512,512,25,100000,BH,26618,18,0.06762341272822901,3.1402183837574635,14.150995496123317
nominal,20.0,105469,512,512,25,100000,BW,1138,5,0.43936731107205623,1.3671204253909497,12.267059962702762
nominal,20.0,105469,512,512,25,100000,LL,19162,14,0.07306126709111783,1.2195600737477552,14.986128297133144
nominal,20.0,130471,512,512,25,100000,ALL,46526,35,0.07522675493272579,2.0114749253782906,17.383211016871467
nominal,20.0,130471,512,512,25,100000,BH,26200,19,0.07251908396946564,3.098605403139528,15.427498523145143
nominal,20.0,130471,512,512,25,100000,BW,1056,5,0.4734848484848485,1.4287603251086032,18.1511612845958
nominal,20.0,130471,512,512,25,100000,LL,19270,11,0.05708354955889985,1.1525235877031061,17.383211016871467
nominal,20.0,135135,512,512,25,100000,ALL,48198,50,0.10373874434623843,2.0174104956117787,15.856992155539162
nominal,20.0,135135,512,512,25,100000,BH,27202,26,0.09558120726417176,3.104139343328743,15.36605866977327
nominal,20.0,135135,512,512,25,100000,BW,1170,4,0.3418803418803419,1.4424412128011668,31.227939848851257
nominal,20.0,135135,512,512,25,100000,LL,19826,20,0.10087763542822556,1.1968912235530358,16.52227193665756
nominal,20.0,143455,512,512,25,100000,ALL,47168,42,0.08904341926729986,2.019670658010347,14.260359155586814
nominal,20.0,143455,512,512,25,100000,BH,26822,17,0.06338080680038774,3.161240212045997,16.214093133666147
nominal,20.0,143455,512,512,25,100000,BW,1160,7,0.603448275862069,1.2899866708847019,24.10753948976066
nominal,20.0,143455,512,512,25,100000,LL,19186,18,0.09381840925674971,1.185423700827824,13.752877654044358
nominal,20.0,145992,512,512,25,100000,ALL,48192,45,0.09337649402390438,2.0562921068099764,17.635514698080748
nominal,20.0,145992,512,512,25,100000,BH,27462,15,0.05462093074065982,3.158793634715248,14.046088557945867
nominal,20.0,145992,512,512,25,100000,BW,1276,3,0.23510971786833856,1.287964086539313,10.849056797110345
nominal,20.0,145992,512,512,25,100000,LL,19454,27,0.1387889380076077,1.1811451761853455,19.049679391200954
nominal,20.0,153768,512,512,25,100000,ALL,46712,44,0.0941942113375578,2.0598054928189917,15.21072024442021
nominal,20.0,153768,512,512,25,100000,BH,26542,25,0.09419033983874614,3.172420000603077,13.209550506743739
nominal,20.0,153768,512,512,25,100000,BW,1248,5,0.40064102564102566,1.600408929493397,18.0777985199189
nominal,20.0,153768,512,512,25,100000,LL,18922,14,0.07398795053377022,1.1840890786130294,15.60594183240561
nominal,20.0,159302,512,512,25,100000,ALL,47716,46,0.09640372202196329,2.0547135930944127,15.51743658525178
nominal,20.0,159302,512,512,25,100000,BH,26958,19,0.0704800059351584,3.151906823573417,20.556451206780253
nominal,20.0,159302,512,512,25,100000,BW,1252,4,0.3194888178913738,1.4670408270126905,12.172274690096481
nominal,20.0,159302,512,512,25,100000,LL,19506,23,0.11791243719881062,1.2020203549561823,14.693798795281857
nominal,20.0,167029,512,512,25,100000,ALL,47062,51,0.10836768518125027,2.0458872060709967,16.15327927422283
nominal,20.0,167029,512,512,25,100000,BH,26944,24,0.08907363420427554,3.059693339455103,18.50346249335496
nominal,20.0,167029,512,512,25,100000,BW,1144,7,0.6118881118881119,1.6039191735724576,18.156778152696507
nominal,20.0,167029,512,512,25,100000,LL,18974,20,0.10540739959945188,1.1894656825902583,15.368725263317305
nominal,20.0,167815,512,512,25,100000,ALL,47598,53,0.11134921635362831,2.022611129694821,16.104376973057704
nominal,20.0,167815,512,512,25,100000,BH,27032,22,0.08138502515537141,3.0930861975113735,17.49317270032557
nominal,20.0,167815,512,512,25,100000,BW,1130,5,0.4424778761061947,1.5702251252713577,21.25229490024349
nominal,20.0,167815,512,512,25,100000,LL,19436,26,0.13377238114838444,1.2027731719899981,15.230808879482947
