# Luminosity of the BIB pair-dump runs themselves, read from their .ref files.
# lumi_ee: cm^-2 s^-1 = lumi_ee[m^-2 per crossing] * 1e-4 * n_b * f_rep,
#   with n_b and f_rep read from the same .ref (factor 1.596), applied once.
# n_pairs: pairs per bunch crossing, as the run counted them.
# ref_filename: path under $GP_RAW_ROOT (see paths.py).
dataset,eps_y_nm,seed,n_x,n_y,n_z,n_m,lumi_ee,n_pairs,ref_filename
nominal,2.0,100805,512,512,25,100000,3.9811422000000004e+34,104902,output/C3_250/512_512_25_test_C3_250_particles_0.624_emittx_0.9_emitty_0.002_betax_12.0_betay_0.12_sigmaz_100_offsety_0_seed_100805.ref
nominal,2.0,105469,512,512,25,100000,4.0833819600000003e+34,106328,output/C3_250/512_512_25_test_C3_250_particles_0.624_emittx_0.9_emitty_0.002_betax_12.0_betay_0.12_sigmaz_100_offsety_0_seed_105469.ref
nominal,2.0,130471,512,512,25,100000,3.82237212e+34,102448,output/C3_250/512_512_25_test_C3_250_particles_0.624_emittx_0.9_emitty_0.002_betax_12.0_betay_0.12_sigmaz_100_offsety_0_seed_130471.ref
nominal,2.0,135135,512,512,25,100000,4.0165255200000006e+34,105190,output/C3_250/512_512_25_test_C3_250_particles_0.624_emittx_0.9_emitty_0.002_betax_12.0_betay_0.12_sigmaz_100_offsety_0_seed_135135.ref
nominal,2.0,143455,512,512,25,100000,3.9920588400000002e+34,105362,output/C3_250/512_512_25_test_C3_250_particles_0.624_emittx_0.9_emitty_0.002_betax_12.0_betay_0.12_sigmaz_100_offsety_0_seed_143455.ref
nominal,2.0,145992,512,512,25,100000,4.19056932e+34,111416,output/C3_250/512_512_25_test_C3_250_particles_0.624_emittx_0.9_emitty_0.002_betax_12.0_betay_0.12_sigmaz_100_offsety_0_seed_145992.ref
nominal,2.0,153768,512,512,25,100000,3.8118066000000003e+34,102166,output/C3_250/512_512_25_test_C3_250_particles_0.624_emittx_0.9_emitty_0.002_betax_12.0_betay_0.12_sigmaz_100_offsety_0_seed_153768.ref
nominal,2.0,159302,512,512,25,100000,3.7913458800000004e+34,100576,output/C3_250/512_512_25_test_C3_250_particles_0.624_emittx_0.9_emitty_0.002_betax_12.0_betay_0.12_sigmaz_100_offsety_0_seed_159302.ref
nominal,2.0,167029,512,512,25,100000,3.9900478799999997e+34,106514,output/C3_250/512_512_25_test_C3_250_particles_0.624_emittx_0.9_emitty_0.002_betax_12.0_betay_0.12_sigmaz_100_offsety_0_seed_167029.ref
nominal,2.0,167815,512,512,25,100000,3.9019806e+34,102676,output/C3_250/512_512_25_test_C3_250_particles_0.624_emittx_0.9_emitty_0.002_betax_12.0_betay_0.12_sigmaz_100_offsety_0_seed_167815.ref
nominal,4.0,100805,512,512,25,100000,3.09276072e+34,88692,output/C3_250/512_512_25_test_C3_250_particles_0.624_emittx_0.9_emitty_0.004_betax_12.0_betay_0.12_sigmaz_100_offsety_0_seed_100805.ref
nominal,4.0,105469,512,512,25,100000,3.0834560400000005e+34,87728,output/C3_250/512_512_25_test_C3_250_particles_0.624_emittx_0.9_emitty_0.004_betax_12.0_betay_0.12_sigmaz_100_offsety_0_seed_105469.ref
nominal,4.0,130471,512,512,25,100000,3.01944048e+34,86812,output/C3_250/512_512_25_test_C3_250_particles_0.624_emittx_0.9_emitty_0.004_betax_12.0_betay_0.12_sigmaz_100_offsety_0_seed_130471.ref
nominal,4.0,135135,512,512,25,100000,3.05716992e+34,86336,output/C3_250/512_512_25_test_C3_250_particles_0.624_emittx_0.9_emitty_0.004_betax_12.0_betay_0.12_sigmaz_100_offsety_0_seed_135135.ref
nominal,4.0,143455,512,512,25,100000,3.08415828e+34,88046,output/C3_250/512_512_25_test_C3_250_particles_0.624_emittx_0.9_emitty_0.004_betax_12.0_betay_0.12_sigmaz_100_offsety_0_seed_143455.ref
nominal,4.0,145992,512,512,25,100000,3.1693368e+34,89380,output/C3_250/512_512_25_test_C3_250_particles_0.624_emittx_0.9_emitty_0.004_betax_12.0_betay_0.12_sigmaz_100_offsety_0_seed_145992.ref
nominal,4.0,153768,512,512,25,100000,2.92489344e+34,83700,output/C3_250/512_512_25_test_C3_250_particles_0.624_emittx_0.9_emitty_0.004_betax_12.0_betay_0.12_sigmaz_100_offsety_0_seed_153768.ref
nominal,4.0,159302,512,512,25,100000,2.9733001200000004e+34,84806,output/C3_250/512_512_25_test_C3_250_particles_0.624_emittx_0.9_emitty_0.004_betax_12.0_betay_0.12_sigmaz_100_offsety_0_seed_159302.ref
nominal,4.0,167029,512,512,25,100000,3.1005811200000004e+34,87854,output/C3_250/512_512_25_test_C3_250_particles_0.624_emittx_0.9_emitty_0.004_betax_12.0_betay_0.12_sigmaz_100_offsety_0_seed_167029.ref
nominal,4.0,167815,512,512,25,100000,2.94463596e+34,84322,output/C3_250/512_512_25_test_C3_250_particles_0.624_emittx_0.9_emitty_0.004_betax_12.0_betay_0.12_sigmaz_100_offsety_0_seed_167815.ref
nominal,8.0,100805,512,512,25,100000,2.2483011600000003e+34,68868,output/C3_250/512_512_25_test_C3_250_particles_0.624_emittx_0.9_emitty_0.008_betax_12.0_betay_0.12_sigmaz_100_offsety_0_seed_100805.ref
nominal,8.0,105469,512,512,25,100000,2.22310032e+34,68808,output/C3_250/512_512_25_test_C3_250_particles_0.624_emittx_0.9_emitty_0.008_betax_12.0_betay_0.12_sigmaz_100_offsety_0_seed_105469.ref
nominal,8.0,130471,512,512,25,100000,2.2063263600000003e+34,68488,output/C3_250/512_512_25_test_C3_250_particles_0.624_emittx_0.9_emitty_0.008_betax_12.0_betay_0.12_sigmaz_100_offsety_0_seed_130471.ref
nominal,8.0,135135,512,512,25,100000,2.2255262400000003e+34,68694,output/C3_250/512_512_25_test_C3_250_particles_0.624_emittx_0.9_emitty_0.008_betax_12.0_betay_0.12_sigmaz_100_offsety_0_seed_135135.ref
nominal,8.0,143455,512,512,25,100000,2.25197196e+34,69186,output/C3_250/512_512_25_test_C3_250_particles_0.624_emittx_0.9_emitty_0.008_betax_12.0_betay_0.12_sigmaz_100_offsety_0_seed_143455.ref
nominal,8.0,145992,512,512,25,100000,2.2768855200000005e+34,70714,output/C3_250/512_512_25_test_C3_250_particles_0.624_emittx_0.9_emitty_0.008_betax_12.0_betay_0.12_sigmaz_100_offsety_0_seed_145992.ref
nominal,8.0,153768,512,512,25,100000,2.1996072000000005e+34,67728,output/C3_250/512_512_25_test_C3_250_particles_0.624_emittx_0.9_emitty_0.008_betax_12.0_betay_0.12_sigmaz_100_offsety_0_seed_153768.ref
nominal,8.0,159302,512,512,25,100000,2.2157746799999996e+34,68242,output/C3_250/512_512_25_test_C3_250_particles_0.624_emittx_0.9_emitty_0.008_betax_12.0_betay_0.12_sigmaz_100_offsety_0_seed_159302.ref
nominal,8.0,167029,512,512,25,100000,2.2620108e+34,69592,output/C3_250/512_512_25_test_C3_250_particles_0.624_emittx_0.9_emitty_0.008_betax_12.0_betay_0.12_sigmaz_100_offsety_0_seed_167029.ref
nominal,8.0,167815,512,512,25,100000,2.1560204400000003e+34,66258,output/C3_250/512_512_25_test_C3_250_particles_0.624_emittx_0.9_emitty_0.008_betax_12.0_betay_0.12_sigmaz_100_offsety_0_seed_167815.ref
nominal,20.0,100805,512,512,25,100000,1.37731608e+34,47244,output/C3_250/512_512_25_test_C3_250_particles_0.624_emittx_0.9_emitty_0.020_betax_12.0_betay_0.12_sigmaz_100_offsety_0_seed_100805.ref
nominal,20.0,105469,512,512,25,100000,1.357101144e+34,46918,output/C3_250/512_512_25_test_C3_250_particles_0.624_emittx_0.9_emitty_0.020_betax_12.0_betay_0.12_sigmaz_100_offsety_0_seed_105469.ref
nominal,20.0,130471,512,512,25,100000,1.357232016e+34,46526,output/C3_250/512_512_25_test_C3_250_particles_0.624_emittx_0.9_emitty_0.020_betax_12.0_betay_0.12_sigmaz_100_offsety_0_seed_130471.ref
nominal,20.0,135135,512,512,25,100000,1.374529464e+34,48198,output/C3_250/512_512_25_test_C3_250_particles_0.624_emittx_0.9_emitty_0.020_betax_12.0_betay_0.12_sigmaz_100_offsety_0_seed_135135.ref
nominal,20.0,143455,512,512,25,100000,1.3669484640000001e+34,47168,output/C3_250/512_512_25_test_C3_250_particles_0.624_emittx_0.9_emitty_0.020_betax_12.0_betay_0.12_sigmaz_100_offsety_0_seed_143455.ref
nominal,20.0,145992,512,512,25,100000,1.385154036e+34,48192,output/C3_250/512_512_25_test_C3_250_particles_0.624_emittx_0.9_emitty_0.020_betax_12.0_betay_0.12_sigmaz_100_offsety_0_seed_145992.ref
nominal,20.0,153768,512,512,25,100000,1.3658695680000003e+34,46712,output/C3_250/512_512_25_test_C3_250_particles_0.624_emittx_0.9_emitty_0.020_betax_12.0_betay_0.12_sigmaz_100_offsety_0_seed_153768.ref
nominal,20.0,159302,512,512,25,100000,1.3695004680000002e+34,47716,output/C3_250/512_512_25_test_C3_250_particles_0.624_emittx_0.9_emitty_0.020_betax_12.0_betay_0.12_sigmaz_100_offsety_0_seed_159302.ref
nominal,20.0,167029,512,512,25,100000,1.369390344e+34,47062,output/C3_250/512_512_25_test_C3_250_particles_0.624_emittx_0.9_emitty_0.020_betax_12.0_betay_0.12_sigmaz_100_offsety_0_seed_167029.ref
nominal,20.0,167815,512,512,25,100000,1.3611342360000002e+34,47598,output/C3_250/512_512_25_test_C3_250_particles_0.624_emittx_0.9_emitty_0.020_betax_12.0_betay_0.12_sigmaz_100_offsety_0_seed_167815.ref
tuned,2.0,100805,512,512,64,4471286,4.619941200000001e+34,116150,output_nm/C3_250/512_512_64_4471286_test_C3_250_particles_0.624_emittx_0.9_emitty_0.002_betax_12.0_betay_0.12_sigmaz_100_offsety_0_integration_method_2_nt6_seed_100805.ref
tuned,2.0,105469,512,512,64,4471286,4.417871640000001e+34,114200,output_nm/C3_250/512_512_64_4471286_test_C3_250_particles_0.624_emittx_0.9_emitty_0.002_betax_12.0_betay_0.12_sigmaz_100_offsety_0_integration_method_2_nt6_seed_105469.ref
tuned,2.0,130471,512,512,64,4471286,4.67658324e+34,118710,output_nm/C3_250/512_512_64_4471286_test_C3_250_particles_0.624_emittx_0.9_emitty_0.002_betax_12.0_betay_0.12_sigmaz_100_offsety_0_integration_method_2_nt6_seed_130471.ref
tuned,2.0,135135,512,512,64,4471286,4.569874680000001e+34,115646,output_nm/C3_250/512_512_64_4471286_test_C3_250_particles_0.624_emittx_0.9_emitty_0.002_betax_12.0_betay_0.12_sigmaz_100_offsety_0_integration_method_2_nt6_seed_135135.ref
tuned,2.0,143455,512,512,64,4471286,4.4004114e+34,113682,output_nm/C3_250/512_512_64_4471286_test_C3_250_particles_0.624_emittx_0.9_emitty_0.002_betax_12.0_betay_0.12_sigmaz_100_offsety_0_integration_method_2_nt6_seed_143455.ref
tuned,2.0,145992,512,512,64,4471286,4.59579372e+34,116020,output_nm/C3_250/512_512_64_4471286_test_C3_250_particles_0.624_emittx_0.9_emitty_0.002_betax_12.0_betay_0.12_sigmaz_100_offsety_0_integration_method_2_nt6_seed_145992.ref
tuned,2.0,153768,512,512,64,4471286,4.54267884e+34,115714,output_nm/C3_250/512_512_64_4471286_test_C3_250_particles_0.624_emittx_0.9_emitty_0.002_betax_12.0_betay_0.12_sigmaz_100_offsety_0_integration_method_2_nt6_seed_153768.ref
tuned,2.0,159302,512,512,64,4471286,4.49470308e+34,113960,output_nm/C3_250/512_512_64_4471286_test_C3_250_particles_0.624_emittx_0.9_emitty_0.002_betax_12.0_betay_0.12_sigmaz_100_offsety_0_integration_method_2_nt6_seed_159302.ref
tuned,2.0,167029,512,512,64,4471286,4.717632360000001e+34,116916,output_nm/C3_250/512_512_64_4471286_test_C3_250_particles_0.624_emittx_0.9_emitty_0.002_betax_12.0_betay_0.12_sigmaz_100_offsety_0_integration_method_2_nt6_seed_167029.ref
tuned,2.0,167815,512,512,64,4471286,4.4764288800000005e+34,114096,output_nm/C3_250/512_512_64_4471286_test_C3_250_particles_0.624_emittx_0.9_emitty_0.002_betax_12.0_betay_0.12_sigmaz_100_offsety_0_integration_method_2_nt6_seed_167815.ref
tuned,4.0,100805,512,256,64,707831,3.23156484e+34,89582,output_nm/C3_250/512_256_64_707831_test_C3_250_particles_0.624_emittx_0.9_emitty_0.004_betax_12.0_betay_0.12_sigmaz_100_offsety_0_integration_method_2_nt6_seed_100805.ref
tuned,4.0,105469,512,256,64,707831,3.27721044e+34,91140,output_nm/C3_250/512_256_64_707831_test_C3_250_particles_0.624_emittx_0.9_emitty_0.004_betax_12.0_betay_0.12_sigmaz_100_offsety_0_integration_method_2_nt6_seed_105469.ref
tuned,4.0,130471,512,256,64,707831,3.14001828e+34,88146,output_nm/C3_250/512_256_64_707831_test_C3_250_particles_0.624_emittx_0.9_emitty_0.004_betax_12.0_betay_0.12_sigmaz_100_offsety_0_integration_method_2_nt6_seed_130471.ref
tuned,4.0,135135,512,256,64,707831,3.07606656e+34,86832,output_nm/C3_250/512_256_64_707831_test_C3_250_particles_0.624_emittx_0.9_emitty_0.004_betax_12.0_betay_0.12_sigmaz_100_offsety_0_integration_method_2_nt6_seed_135135.ref
tuned,4.0,143455,512,256,64,707831,3.10422e+34,88392,output_nm/C3_250/512_256_64_707831_test_C3_250_particles_0.624_emittx_0.9_emitty_0.004_betax_12.0_betay_0.12_sigmaz_100_offsety_0_integration_method_2_nt6_seed_143455.ref
tuned,4.0,145992,512,256,64,707831,3.1874992800000003e+34,88640,output_nm/C3_250/512_256_64_707831_test_C3_250_particles_0.624_emittx_0.9_emitty_0.004_betax_12.0_betay_0.12_sigmaz_100_offsety_0_integration_method_2_nt6_seed_145992.ref
tuned,4.0,153768,512,256,64,707831,3.05994696e+34,85600,output_nm/C3_250/512_256_64_707831_test_C3_250_particles_0.624_emittx_0.9_emitty_0.004_betax_12.0_betay_0.12_sigmaz_100_offsety_0_integration_method_2_nt6_seed_153768.ref
tuned,4.0,159302,512,256,64,707831,3.2013046800000004e+34,88476,output_nm/C3_250/512_256_64_707831_test_C3_250_particles_0.624_emittx_0.9_emitty_0.004_betax_12.0_betay_0.12_sigmaz_100_offsety_0_integration_method_2_nt6_seed_159302.ref
tuned,4.0,167029,512,256,64,707831,3.2197544400000002e+34,89184,output_nm/C3_250/512_256_64_707831_test_C3_250_particles_0.624_emittx_0.9_emitty_0.004_betax_12.0_betay_0.12_sigmaz_100_offsety_0_integration_method_2_nt6_seed_167029.ref
tuned,4.0,167815,512,256,64,707831,3.23033592e+34,90144,output_nm/C3_250/512_256_64_707831_test_C3_250_particles_0.624_emittx_0.9_emitty_0.004_betax_12.0_betay_0.12_sigmaz_100_offsety_0_integration_method_2_nt6_seed_167815.ref
tuned,8.0,100805,512,256,64,223499,2.27489052e+34,69064,output_nm/C3_250/512_256_64_223499_test_C3_250_particles_0.624_emittx_0.9_emitty_0.008_betax_12.0_betay_0.12_sigmaz_100_offsety_0_integration_method_2_nt6_seed_100805.ref
tuned,8.0,105469,512,256,64,223499,2.2547649600000005e+34,68576,output_nm/C3_250/512_256_64_223499_test_C3_250_particles_0.624_emittx_0.9_emitty_0.008_betax_12.0_betay_0.12_sigmaz_100_offsety_0_integration_method_2_nt6_seed_105469.ref
tuned,8.0,130471,512,256,64,223499,2.20190544e+34,67946,output_nm/C3_250/512_256_64_223499_test_C3_250_particles_0.624_emittx_0.9_emitty_0.008_betax_12.0_betay_0.12_sigmaz_100_offsety_0_integration_method_2_nt6_seed_130471.ref
tuned,8.0,135135,512,256,64,223499,2.16540492e+34,66106,output_nm/C3_250/512_256_64_223499_test_C3_250_particles_0.624_emittx_0.9_emitty_0.008_betax_12.0_betay_0.12_sigmaz_100_offsety_0_integration_method_2_nt6_seed_135135.ref
tuned,8.0,143455,512,256,64,223499,2.24913108e+34,68824,output_nm/C3_250/512_256_64_223499_test_C3_250_particles_0.624_emittx_0.9_emitty_0.008_betax_12.0_betay_0.12_sigmaz_100_offsety_0_integration_method_2_nt6_seed_143455.ref
tuned,8.0,145992,512,256,64,223499,2.3010010799999996e+34,70264,output_nm/C3_250/512_256_64_223499_test_C3_250_particles_0.624_emittx_0.9_emitty_0.008_betax_12.0_betay_0.12_sigmaz_100_offsety_0_integration_method_2_nt6_seed_145992.ref
tuned,8.0,153768,512,256,64,223499,2.1849399600000003e+34,67350,output_nm/C3_250/512_256_64_223499_test_C3_250_particles_0.624_emittx_0.9_emitty_0.008_betax_12.0_betay_0.12_sigmaz_100_offsety_0_integration_method_2_nt6_seed_153768.ref
tuned,8.0,159302,512,256,64,223499,2.23087284e+34,68008,output_nm/C3_250/512_256_64_223499_test_C3_250_particles_0.624_emittx_0.9_emitty_0.008_betax_12.0_betay_0.12_sigmaz_100_offsety_0_integration_method_2_nt6_seed_159302.ref
tuned,8.0,167029,512,256,64,223499,2.2164609600000002e+34,68114,output_nm/C3_250/512_256_64_223499_test_C3_250_particles_0.624_emittx_0.9_emitty_0.008_betax_12.0_betay_0.12_sigmaz_100_offsety_0_integration_method_2_nt6_seed_167029.ref
tuned,8.0,167815,512,256,64,223499,2.19185064e+34,67084,output_nm/C3_250/512_256_64_223499_test_C3_250_particles_0.624_emittx_0.9_emitty_0.008_betax_12.0_betay_0.12_sigmaz_100_offsety_0_integration_method_2_nt6_seed_167815.ref
tuned,20.0,100805,512,256,64,48411,1.3565409479999998e+34,46756,output_nm/C3_250/512_256_64_48411_test_C3_250_particles_0.624_emittx_0.9_emitty_0.020_betax_12.0_betay_0.12_sigmaz_100_offsety_0_integration_method_2_nt6_seed_100805.ref
tuned,20.0,105469,512,256,64,48411,1.350827268e+34,47536,output_nm/C3_250/512_256_64_48411_test_C3_250_particles_0.624_emittx_0.9_emitty_0.020_betax_12.0_betay_0.12_sigmaz_100_offsety_0_integration_method_2_nt6_seed_105469.ref
tuned,20.0,130471,512,256,64,48411,1.3115289600000002e+34,45764,output_nm/C3_250/512_256_64_48411_test_C3_250_particles_0.624_emittx_0.9_emitty_0.020_betax_12.0_betay_0.12_sigmaz_100_offsety_0_integration_method_2_nt6_seed_130471.ref
tuned,20.0,135135,512,256,64,48411,1.372516908e+34,47770,output_nm/C3_250/512_256_64_48411_test_C3_250_particles_0.624_emittx_0.9_emitty_0.020_betax_12.0_betay_0.12_sigmaz_100_offsety_0_integration_method_2_nt6_seed_135135.ref
tuned,20.0,143455,512,256,64,48411,1.3748949479999999e+34,47426,output_nm/C3_250/512_256_64_48411_test_C3_250_particles_0.624_emittx_0.9_emitty_0.020_betax_12.0_betay_0.12_sigmaz_100_offsety_0_integration_method_2_nt6_seed_143455.ref
tuned,20.0,145992,512,256,64,48411,1.37329416e+34,47920,output_nm/C3_250/512_256_64_48411_test_C3_250_particles_0.624_emittx_0.9_emitty_0.020_betax_12.0_betay_0.12_sigmaz_100_offsety_0_integration_method_2_nt6_seed_145992.ref
tuned,20.0,153768,512,256,64,48411,1.3375293960000002e+34,46146,output_nm/C3_250/512_256_64_48411_test_C3_250_particles_0.624_emittx_0.9_emitty_0.020_betax_12.0_betay_0.12_sigmaz_100_offsety_0_integration_method_2_nt6_seed_153768.ref
tuned,20.0,159302,512,256,64,48411,1.3420875720000001e+34,46682,output_nm/C3_250/512_256_64_48411_test_C3_250_particles_0.624_emittx_0.9_emitty_0.020_betax_12.0_betay_0.12_sigmaz_100_offsety_0_integration_method_2_nt6_seed_159302.ref
tuned,20.0,167029,512,256,64,48411,1.347855516e+34,46966,output_nm/C3_250/512_256_64_48411_test_C3_250_particles_0.624_emittx_0.9_emitty_0.020_betax_12.0_betay_0.12_sigmaz_100_offsety_0_integration_method_2_nt6_seed_167029.ref
tuned,20.0,167815,512,256,64,48411,1.3313816040000002e+34,46680,output_nm/C3_250/512_256_64_48411_test_C3_250_particles_0.624_emittx_0.9_emitty_0.020_betax_12.0_betay_0.12_sigmaz_100_offsety_0_integration_method_2_nt6_seed_167815.ref
