dataset,eps_y_nm,seed,n_x,n_y,n_z,n_m,channel,n_pairs,n_reach,frac_of_total_pct,reach_frac_of_total_pct,reach_pct,pt_median_MeV,pt_mean_MeV,pt_p90_MeV,pt_p99_MeV,pt_max_MeV,pt_median_reach_MeV,E_median_GeV,E_mean_GeV,theta_median_mrad,frac_pt_gt_20MeV
nominal,2.0,100805,512,512,25,100000,BW,2430,14,2.316447732169072,13.20754716981132,0.5761316872427984,1.570721547450956,5.160309693175842,13.447627561756724,37.23994070731596,375.5447110863454,22.244037682600343,0.0288982,0.5262867566711934,43.99658495296284,5.637860082304527
nominal,2.0,100805,512,512,25,100000,BH,56202,49,53.5757182894511,46.22641509433962,0.08718550941247642,3.3434048680390145,8.050707001160285,23.368756312054025,45.817147077620334,83.28157203522368,14.823876197904331,0.2508905,1.6031697982949182,11.53938418887164,13.289562649016048
nominal,2.0,100805,512,512,25,100000,LL,46270,43,44.10783397837982,40.56603773584906,0.0929327858223471,1.2868066332137837,5.196844979097284,15.351221721283022,48.78036379940773,91.3457550006914,14.979132575919818,0.018857850000000002,0.8601284482003889,56.50385484992596,7.283336935379295
nominal,2.0,100805,512,512,25,100000,ALL,104902,106,100.0,100.0,0.10104669119749862,2.1249295496591403,6.724975735605222,20.561269369168105,46.713971957360194,375.5447110863454,15.8782822192323,0.0797834,1.2504849204087052,21.946887096245817,10.46309889229948
nominal,2.0,105469,512,512,25,100000,BW,2490,17,2.3418102475359266,17.708333333333332,0.6827309236947792,1.4737504032285302,4.839618869986241,14.111644767327627,37.282522194753355,133.29774002765757,17.683999255502844,0.0239129,0.5965012775658635,50.39574605409454,5.943775100401607
nominal,2.0,105469,512,512,25,100000,BH,56624,42,53.25408170942743,43.75,0.07417349533766601,3.4408342100192764,8.101637253069153,23.27486515927439,45.67167611905297,85.61629875533704,16.144706417975893,0.2532835,1.612432872210211,11.246940262261251,13.192285956484884
nominal,2.0,105469,512,512,25,100000,LL,47214,37,44.40410804303664,38.541666666666664,0.07836658618206464,1.3171061084477724,5.321919747806953,15.691677809621524,49.30226304300858,188.36666429201875,18.76512052075558,0.019810349999999997,0.9547513201359342,55.11018606426282,7.391875291227179
nominal,2.0,105469,512,512,25,100000,ALL,106328,96,100.0,100.0,0.09028666014596344,2.1858734937042326,6.7909382079697815,20.550921065922036,46.74302739813715,188.36666429201875,17.867924217592748,0.08261415,1.2966040550566926,21.482580325378358,10.44691896772252
nominal,2.0,130471,512,512,25,100000,BW,2418,12,2.360221771044823,11.428571428571429,0.49627791563275436,1.6094164603456715,4.9755054245580865,14.065132397873464,36.53242339202583,215.15583498970437,13.94872376445698,0.030232050000000003,0.5984690896968569,48.833050572356875,5.334987593052109
nominal,2.0,130471,512,512,25,100000,BH,54724,47,53.41636732781509,44.76190476190476,0.0858855346831372,3.3435268074596163,8.022624820607984,23.291580470172153,45.587677080966145,229.96450432191463,15.588304261127744,0.2521115,1.5669902626058219,11.662527965296407,12.954096922739566
nominal,2.0,130471,512,512,25,100000,LL,45306,46,44.22341090114009,43.80952380952381,0.10153180594181786,1.3111885285337892,5.23361434457458,15.52299628588073,48.53153353903793,175.08114799331784,15.836780813982335,0.01922555,0.8871426094587913,56.01690763483815,7.270560190703218
nominal,2.0,130471,512,512,25,100000,ALL,102448,105,100.0,100.0,0.1024910198344526,2.1444864464211,6.717310482340587,20.34830658508478,46.567351004873615,229.96450432191463,15.588304261127744,0.08128235,1.2434791938726768,22.105014282468172,10.260815242854912
nominal,2.0,135135,512,512,25,100000,BW,2350,13,2.234052666603289,11.926605504587156,0.5531914893617021,1.5790550849454286,4.416956993371487,12.828087954181907,35.14860276212751,53.54703392117904,15.984454955361713,0.02025705,0.6060467262004257,51.456151379873475,4.8936170212765955
nominal,2.0,135135,512,512,25,100000,BH,55448,48,52.712235003327315,44.03669724770642,0.08656759486365603,3.30593694259912,8.048693976269385,23.465723006549222,46.24157506832502,79.88784450284152,13.930166333152837,0.248106,1.5883180854285095,11.64253422396122,13.261073438176311
nominal,2.0,135135,512,512,25,100000,LL,47392,48,45.053712330069395,44.03669724770642,0.1012829169480081,1.293857030710332,5.266678694126963,15.57048448314378,48.911159336859114,117.01660551810785,15.804672821921363,0.019622300000000002,0.888222346718539,55.03981080643532,7.305030384875084
nominal,2.0,135135,512,512,25,100000,ALL,105190,109,100.0,100.0,0.1036220173020249,2.1205220384688217,6.714157897163922,20.504586404936052,47.03715433873382,117.01660551810785,14.599157751001009,0.0789304,1.25095450578093,22.219316963069605,10.390721551478277
nominal,2.0,143455,512,512,25,100000,BW,2362,7,2.241794954537689,6.862745098039215,0.29635901778154106,1.5970307847444045,5.008658591270894,13.98685684254269,34.89233451492922,175.49867290475996,14.638368362698005,0.0324471,0.5928986530215918,43.630215183369664,5.927180355630822
nominal,2.0,143455,512,512,25,100000,BH,56094,30,53.239308289516146,29.41176470588235,0.05348165579206332,3.4154509133993356,8.101379968651866,23.560651639579255,45.58694624142356,78.35066484903614,15.46874942059043,0.2601515,1.6069761051098872,11.41094512642418,13.332976788961387
nominal,2.0,143455,512,512,25,100000,LL,46906,65,44.518896755946166,63.72549019607843,0.13857502238519592,1.3140132964931328,5.270828763714413,15.555674933947063,49.453719105023076,107.73783797364909,14.875508555833369,0.01902665,0.8853776432833753,56.53178982264184,7.248539632456402
nominal,2.0,143455,512,512,25,100000,ALL,105362,102,100.0,100.0,0.09680909625861316,2.178212610723541,6.771917328305535,20.583654367596594,46.927054739875175,175.49867290475996,15.170863045216459,0.08202775000000001,1.2629948937408269,21.78528786221534,10.458229722290769
nominal,2.0,145992,512,512,25,100000,BW,2516,15,2.2582034896244703,14.851485148514852,0.5961844197138315,1.552366141575246,4.759917214562848,13.571099859528692,35.37061711805313,150.33511952022636,19.066531173157436,0.02548695,0.5783916309916534,42.17428280270699,5.4451510333863276
nominal,2.0,145992,512,512,25,100000,BH,59530,52,53.43038701802254,51.48514851485149,0.0873509155047875,3.363136443091936,8.099051772256262,23.42617618975544,45.7880859008955,153.99827117430334,15.887458847808968,0.25910849999999996,1.605124882624979,11.24411083843935,13.26054090374601
nominal,2.0,145992,512,512,25,100000,LL,49370,34,44.311409492352986,33.663366336633665,0.06886773344136116,1.2997008655765507,5.148620944135741,15.04061773026182,46.82087088530765,90.27052159173324,14.114145581892078,0.0186946,0.8909185642094795,56.04611289719719,7.08527445817298
nominal,2.0,145992,512,512,25,100000,ALL,111416,101,100.0,100.0,0.09065125296187262,2.138569224925336,6.716269833114067,20.448615920433706,46.106688975003046,153.99827117430334,15.873968484217825,0.08221585000000001,1.26546427013411,21.57858667349241,10.347705895024054
nominal,2.0,153768,512,512,25,100000,BW,2332,11,2.282559755691717,9.821428571428571,0.4716981132075472,1.4217382057931132,4.636605328864537,13.615163636618844,37.59405478818308,82.65044091210012,18.255617369956404,0.0235816,0.610425900535163,48.52612183524699,5.317324185248713
nominal,2.0,153768,512,512,25,100000,BH,54442,51,53.28778654346847,45.535714285714285,0.09367767532419823,3.323539205579994,8.036827503052585,23.395395362530444,45.4748716111618,78.46275053200696,17.194817491817933,0.25366900000000003,1.5906417713552956,11.457552057274016,13.116711362550973
nominal,2.0,153768,512,512,25,100000,LL,45392,50,44.42965370083981,44.642857142857146,0.11015156855833627,1.3203650256398702,5.272572741129228,15.421293569488272,49.08197175166538,100.41790204058258,13.766873172626301,0.018637149999999998,0.9508119541365879,56.84227173277807,7.342703560098696
nominal,2.0,153768,512,512,25,100000,ALL,102166,112,100.0,100.0,0.10962551142258677,2.1478669794207006,6.731066581968943,20.452393406494323,46.71295696484175,100.41790204058258,15.164323995893538,0.07989405,1.283993586304064,22.141504007715646,10.373314018362272
nominal,2.0,159302,512,512,25,100000,BW,2348,4,2.334552974864779,3.7383177570093458,0.17035775127768313,1.485312366410189,4.598581565707087,14.127090270291932,36.16985473428294,55.79732998774621,14.226511209482002,0.0257128,0.574386912468058,46.281122273437724,5.3236797274275975
nominal,2.0,159302,512,512,25,100000,BH,53182,43,52.87742602608972,40.18691588785047,0.08085442442931819,3.3826208004743332,8.110941477785559,23.585433533079424,45.57286092395439,360.0976296629131,18.861643167594398,0.25492899999999996,1.6014277450935657,11.611653114339093,13.32029634086721
nominal,2.0,159302,512,512,25,100000,LL,45046,60,44.7880209990455,56.074766355140184,0.13319717621986413,1.3253945967964755,5.332432536423795,15.974409617201452,48.793352201306,111.67879440300439,16.01671547673242,0.0194901,0.9147121974659459,54.804229923259186,7.499001021178351
nominal,2.0,159302,512,512,25,100000,ALL,100576,107,100.0,100.0,0.10638720967228762,2.162771235072797,6.784504406852711,20.67889314185809,46.64504306057619,360.0976296629131,16.037689761631132,0.08240095,1.269884629107262,21.78903355597761,10.526368119630925
nominal,2.0,167029,512,512,25,100000,BW,2432,11,2.2832679272208347,11.827956989247312,0.45230263157894735,1.5009445900850245,4.553885268886886,12.782441841362571,36.20630418820429,52.61826986777256,13.283699821589678,0.02656045,0.5787179366249999,46.30077293023538,4.893092105263158
nominal,2.0,167029,512,512,25,100000,BH,56754,42,53.28313648910002,45.16129032258065,0.07400359446030236,3.380896950178025,8.063750278007966,23.411637014679556,45.276282431998084,170.2821976280226,15.390156843688118,0.25307,1.5947862519395284,11.487095837595524,13.165591852556648
nominal,2.0,167029,512,512,25,100000,LL,47328,40,44.43359558367914,43.01075268817204,0.08451656524678837,1.3174341452615754,5.261678226008249,15.664568920599594,48.23214306854103,107.44984402049005,13.690289446327306,0.01963465,0.9133920891311275,55.533313391324796,7.323360378634212
nominal,2.0,167029,512,512,25,100000,ALL,106514,93,100.0,100.0,0.08731246596691515,2.171716302736871,6.738549292417103,20.458198475546588,46.181715331678944,170.2821976280226,14.41904040815238,0.0826002,1.2688187633442178,21.733099120282873,10.38079501286216
nominal,2.0,167815,512,512,25,100000,BW,2492,11,2.427052086173984,12.222222222222221,0.44141252006420545,1.4898891433144066,4.77685387476968,14.060624811979242,40.654177809725006,59.5390710286216,43.87903903518863,0.02421155,0.604740555709069,46.83941384938815,5.417335473515249
nominal,2.0,167815,512,512,25,100000,BH,54642,37,53.21788928279247,41.111111111111114,0.06771348047289631,3.3091229402051554,8.004103633212793,23.315934328462742,45.54737632757365,123.44196433040435,16.620499472232392,0.24734899999999999,1.5617973209054756,11.750366665799989,13.275502360821346
nominal,2.0,167815,512,512,25,100000,LL,45542,42,44.35505863103354,46.666666666666664,0.09222256378727328,1.3169411672522102,5.286982345501058,15.162180628669141,50.20102234736535,1090.1559274242168,17.86186823201561,0.0184772,0.8877231887540292,56.60693297321999,7.204338852048658
nominal,2.0,167815,512,512,25,100000,ALL,102676,90,100.0,100.0,0.08765436908333009,2.1209691671683544,6.720595860383621,20.52246054742322,47.194188367788065,1090.1559274242168,18.630820122244067,0.07782154999999999,1.2395830781875024,22.42253649236381,10.39191242354591
nominal,4.0,100805,512,512,25,100000,BW,2006,5,2.2617597979524646,6.666666666666667,0.24925224327018944,1.5956641510863028,4.584446256520149,12.600941194413917,37.47094702514587,62.21913068418608,27.22976387810352,0.0248928,0.585474107065304,41.00815264896722,5.333998005982054
nominal,4.0,100805,512,512,25,100000,BH,48540,22,54.72872412393451,29.333333333333332,0.04532344458178822,3.286209609714117,7.864715700210468,22.689502746794464,44.114709859057186,82.50106244557435,14.89347580721859,0.2501035,1.5660291765669963,11.291469057789879,12.583436341161928
nominal,4.0,100805,512,512,25,100000,LL,38146,48,43.00951607811302,64.0,0.12583232842237718,1.2980354677343209,5.213573794566086,15.503387879472118,49.2762263154171,90.8064455686546,15.699546059940454,0.01880445,0.9267020143401667,54.542625991334496,7.327111623761338
nominal,4.0,100805,512,512,25,100000,ALL,88692,75,100.0,100.0,0.08456230550669734,2.1477432356324333,6.650280580506849,20.175689884987683,45.540124672923625,90.8064455686546,15.393801121574745,0.08360495000000001,1.2688798575785303,20.85323288542451,10.158751634871239
nominal,4.0,105469,512,512,25,100000,BW,2030,8,2.31397045413095,10.256410256410257,0.39408866995073893,1.5621265737767822,4.636863068997468,13.3478768734673,37.00315310381541,74.78434720457943,38.56713199997602,0.02663895,0.584074510791133,46.482020929331746,5.172413793103448
nominal,4.0,105469,512,512,25,100000,BH,47490,38,54.13322998358563,48.717948717948715,0.08001684565171616,3.369933789730631,7.988227937047546,23.113233687670974,45.050538112864295,135.10961288553432,14.91901432314234,0.257227,1.5860838139138136,11.249465542062943,12.935354811539272
nominal,4.0,105469,512,512,25,100000,LL,38208,32,43.55279956228342,41.02564102564103,0.08375209380234507,1.288046078836418,5.135683797230968,15.147144401472021,48.312516134089506,93.78099801454957,18.413555209244326,0.0183419,0.9194444206840191,55.67146738081541,6.982830820770519
nominal,4.0,105469,512,512,25,100000,ALL,87728,78,100.0,100.0,0.08891118001094292,2.1453453526324204,6.668315512550766,20.18317055216629,46.08912964115124,135.10961288553432,17.421433571436772,0.08234140000000001,1.2725574959553163,21.27350754180453,10.163231807404706
nominal,4.0,130471,512,512,25,100000,BW,1884,12,2.170206883840944,10.526315789473685,0.6369426751592356,1.6251541773529914,4.869741780985127,14.537242470884356,37.2379105303348,51.22851560355218,17.233086138584458,0.029193900000000002,0.6727634629336517,42.185522648171315,5.89171974522293
nominal,4.0,130471,512,512,25,100000,BH,47124,49,54.28281804358844,42.98245614035088,0.10398098633392751,3.3077254406148295,8.005237405121399,23.367445946297877,45.0691747503793,99.1160059148492,14.293956189557077,0.262876,1.5577805925702188,11.043033096671588,13.078261607673372
nominal,4.0,130471,512,512,25,100000,LL,37804,53,43.54697507257061,46.49122807017544,0.14019680457094488,1.2854795139341777,5.1123891844568226,14.991058697658179,47.29797762611581,102.6287713143275,15.261932472712362,0.018039899999999998,0.8985394107575124,57.411249152824624,7.009840228547244
nominal,4.0,130471,512,512,25,100000,ALL,86812,114,100.0,100.0,0.13131825093305072,2.1404381418012184,6.677442769703757,20.35643858046632,45.795640793181626,102.6287713143275,15.040100096696145,0.0836123,1.2514942967875755,20.918248077306245,10.279684836197761
nominal,4.0,135135,512,512,25,100000,BW,2010,8,2.328113417346182,7.920792079207921,0.39800995024875624,1.561611438116677,4.545362199222315,13.158709051827383,37.08082047898344,49.81270568867126,13.157333578670482,0.024495049999999997,0.6105605884452737,47.27969584206256,5.124378109452736
nominal,4.0,135135,512,512,25,100000,BH,46352,50,53.68791697553743,49.504950495049506,0.10787021056265102,3.29341076685255,7.873333040614506,22.812849717323818,44.611459608152934,78.70832676969853,15.270167034061181,0.249899,1.5515082052915516,11.524014369235342,12.523731446323783
nominal,4.0,135135,512,512,25,100000,LL,37974,43,43.983969607116386,42.57425742574257,0.11323537157002159,1.284696881656678,5.150150239522723,15.175027116914924,48.54609704604937,99.92834193821744,15.146418864443886,0.018334299999999998,0.9349200506466265,56.35653257576712,7.0126928951387795
nominal,4.0,135135,512,512,25,100000,ALL,86336,101,100.0,100.0,0.11698480355819126,2.098651779353102,6.5980902093522555,19.924299600127913,45.79792003527011,99.92834193821744,15.152662232892782,0.08082775,1.2584019310334509,21.794979519956136,9.927492587101556
nominal,4.0,143455,512,512,25,100000,BW,1936,7,2.1988506008222974,8.235294117647058,0.3615702479338843,1.5042891021121862,4.63622292704984,13.458979419919537,34.9188562244807,87.9618035210786,18.461914071558276,0.02525575,0.5149585985816116,48.44076773803147,5.268595041322314
nominal,4.0,143455,512,512,25,100000,BH,47656,40,54.12625218635713,47.05882352941177,0.08393486654356219,3.284888274892297,7.946439984516275,22.955239789858666,44.40902566564754,181.54341580103355,19.102642634177027,0.261482,1.5727860901427313,11.31765338832123,12.959543394326003
nominal,4.0,143455,512,512,25,100000,LL,38454,38,43.67489721282057,44.705882352941174,0.09881936859624486,1.297443662757211,5.05244414164587,14.721196575250014,47.20422504362399,100.05589453507856,15.617052513655569,0.018129,0.8658605995475633,58.75224720102445,6.888750195038227
nominal,4.0,143455,512,512,25,100000,ALL,88046,85,100.0,100.0,0.0965404447675079,2.1312924667592497,6.609703547142702,20.185443179227555,45.215313680348466,181.54341580103355,17.14691603695198,0.0824271,1.240777062600209,21.61833727701021,10.13901824046521
nominal,4.0,145992,512,512,25,100000,BW,2018,8,2.257775788767062,8.791208791208792,0.39643211100099107,1.6060597373785699,4.78518395347095,13.735758965738189,37.242618633980676,58.23722886068563,12.003955322950432,0.026957500000000002,0.6298022639786918,42.35350103357989,5.550049554013875
nominal,4.0,145992,512,512,25,100000,BH,48468,50,54.22689639740434,54.94505494505494,0.10316084839481719,3.2333823511166497,7.840352761005106,22.60347288588573,44.646103412435295,259.2942334435622,13.167962928127215,0.250692,1.52866402116481,11.380316246099355,12.57943385326401
nominal,4.0,145992,512,512,25,100000,LL,38894,33,43.5153278138286,36.26373626373626,0.08484599166966628,1.2809509977955031,5.078406044063056,14.976134362301265,46.63729054267798,96.90647770686313,14.819668202644628,0.0187972,0.8934471743799044,55.98749871731212,6.993366586105826
nominal,4.0,145992,512,512,25,100000,ALL,89380,91,100.0,100.0,0.1018124860147684,2.0875761384297213,6.569503731442026,19.973847020217534,45.324930099518575,259.2942334435622,13.463300682284066,0.08275094999999999,1.2319530448294584,21.051978775371218,9.989930633251287
nominal,4.0,153768,512,512,25,100000,BW,1866,4,2.229390681003584,5.47945205479452,0.21436227224008575,1.5773550043027018,4.691960134433623,13.795046551564726,35.14959057430024,76.2048418094872,32.964933459172144,0.0245168,0.5804158657341908,48.13793408594713,5.144694533762058
nominal,4.0,153768,512,512,25,100000,BH,45428,37,54.27479091995221,50.68493150684932,0.08144756537818086,3.2862837729802483,7.891300517818635,22.81882497279536,44.788541516132184,162.03085720041537,17.54245573882838,0.24913049999999998,1.5503207804399708,11.405132069831218,12.75424848111297
nominal,4.0,153768,512,512,25,100000,LL,36406,32,43.495818399044204,43.83561643835616,0.0878975992968192,1.2547993365949928,5.080962277275547,14.996911792661626,47.34259606438737,107.30975070727659,15.345059244740188,0.0181845,0.8642952536276164,56.71777358996205,6.88622754491018
nominal,4.0,153768,512,512,25,100000,ALL,83700,73,100.0,100.0,0.08721624850657109,2.1217844887209334,6.597595103952351,20.048978393540146,45.4961944752737,162.03085720041537,16.945241655078817,0.07932739999999999,1.2303053933435364,21.734495770982708,10.03225806451613
nominal,4.0,159302,512,512,25,100000,BW,1866,10,2.2003160153762704,14.925373134328359,0.5359056806002144,1.5413419834928435,4.761125376344748,13.5921050521756,38.65858022857037,119.52321154659407,14.650746495184892,0.0258691,0.6472147156034297,51.095234167903236,4.930332261521972
nominal,4.0,159302,512,512,25,100000,BH,45886,26,54.10702072966535,38.80597014925373,0.05666216275116593,3.277600555987839,7.981111799988933,23.163446357739954,45.15164801247492,104.60870893406174,15.784705796253968,0.2574305,1.6073011944383255,11.454790944987547,13.008324979296518
nominal,4.0,159302,512,512,25,100000,LL,37054,31,43.692663254958376,46.26865671641791,0.08366168294920927,1.2747518368270614,5.044388368337873,14.819664114147015,46.867941189957335,90.06474593051247,14.467099476942,0.018113999999999998,0.8568438942658552,58.841049147405236,6.911534517191126
nominal,4.0,159302,512,512,25,100000,ALL,84806,67,100.0,100.0,0.07900384406763672,2.0992259522352206,6.627129243295794,20.220282560036388,45.71051995762113,119.52321154659407,14.75554283798186,0.0805424,1.2582814768464496,21.92448050154816,10.166733485838266
nominal,4.0,167029,512,512,25,100000,BW,2128,15,2.4222004689598653,16.483516483516482,0.7048872180451128,1.5487141102483757,4.799728550274965,14.091999566035087,37.014803370333,85.08915829196044,26.24574503538868,0.026056799999999998,0.5966430805366542,45.44314611509727,5.827067669172932
nominal,4.0,167029,512,512,25,100000,BH,47760,36,54.362920299587955,39.56043956043956,0.07537688442211055,3.337195922381203,7.90153577598378,22.870014145579134,44.58642153816209,81.30331319195489,15.152503389774843,0.2546085,1.578926021721922,11.304623825339366,12.567001675041874
nominal,4.0,167029,512,512,25,100000,LL,37966,40,43.21487923145218,43.956043956043956,0.10535742506453143,1.289891537054504,5.068296034572022,15.065943434353112,46.322948581714414,124.17747190698768,14.381694203113133,0.0183519,0.8821499039471896,56.09731832013084,6.840330822314702
nominal,4.0,167029,512,512,25,100000,ALL,87854,91,100.0,100.0,0.10358094110683634,2.1365968719226016,6.602022654227831,19.897671173719292,45.19221640168511,124.17747190698768,16.52490545543823,0.084119,1.254022201904068,21.448433014343973,9.928973068955312
nominal,4.0,167815,512,512,25,100000,BW,1910,6,2.265126538744337,7.142857142857143,0.31413612565445026,1.6278000855949544,4.510401456513347,12.559565352899424,34.67739171845841,54.245881820750185,16.697512416325097,0.0253433,0.5696011608890051,44.41220127824119,4.81675392670157
nominal,4.0,167815,512,512,25,100000,BH,45452,34,53.902896041365246,40.476190476190474,0.07480418903458594,3.296218549376286,7.999471222401642,23.28721043634701,45.19311463648833,202.06917953242714,14.498865274466612,0.2533745,1.5486980272755435,11.504105205287136,13.042330370500748
nominal,4.0,167815,512,512,25,100000,LL,36960,44,43.83197741989042,52.38095238095238,0.11904761904761904,1.273340423218893,5.139416170438341,15.02145061249962,48.45483054831163,110.89593767879003,14.344721871053023,0.018123849999999997,0.9126529029231601,57.15275303336554,6.893939393939394
nominal,4.0,167815,512,512,25,100000,ALL,84322,84,100.0,100.0,0.09961813049975095,2.1255525244988083,6.666820692606212,20.213217671362354,46.11936192842424,202.06917953242714,14.356790579748308,0.080695,1.2477290890285573,21.908869179037225,10.161049310974597
nominal,8.0,100805,512,512,25,100000,BW,1614,9,2.3436138700121973,12.5,0.5576208178438662,1.6551284937866095,4.857650085380913,14.257945035138246,36.31454979706705,90.2529673701093,26.632719977814897,0.026426400000000003,0.6058722336177199,41.854511536379945,5.700123915737299
nominal,8.0,100805,512,512,25,100000,BH,38186,26,55.44810361851658,36.111111111111114,0.06808778086209606,3.293694294397763,7.7956597782521495,22.6658482839081,44.86850508905344,112.07731434730569,17.6932865016865,0.247847,1.5785106865583984,11.388312908160026,12.42340124653014
nominal,8.0,100805,512,512,25,100000,LL,29068,37,42.20828251147122,51.388888888888886,0.12728773909453694,1.2440559119756298,4.918680794833226,14.469289158260553,46.77058409764356,90.05658017701992,15.928621557376971,0.01685925,0.8872187560286224,57.205520341898406,6.536397412962708
nominal,8.0,100805,512,512,25,100000,ALL,68868,72,100.0,100.0,0.10454783063251437,2.1129308634348893,6.5124807584706055,19.703691673502604,45.369455923356554,112.07731434730569,17.6932865016865,0.08201735,1.2639333458531976,21.02388278542682,9.781030376953012
nominal,8.0,105469,512,512,25,100000,BW,1658,4,2.4096035344727356,6.153846153846154,0.24125452352231605,1.4489492761363585,4.459147566172594,12.979055993349448,35.95752642777305,62.388393041417146,12.983542802234448,0.0249792,0.6285704282207479,50.817712769711854,4.8854041013269
nominal,8.0,105469,512,512,25,100000,BH,38406,36,55.81618416463202,55.38461538461539,0.09373535385096078,3.2535258161708667,7.80100845859818,22.52594616032375,44.70140772565057,128.44466471342255,15.772715479236975,0.25685650000000004,1.5546741124964847,11.127127336297903,12.438160704056658
nominal,8.0,105469,512,512,25,100000,LL,28744,25,41.77421230089524,38.46153846153846,0.08697467297522961,1.2649099485381354,4.963203180263718,14.574675664885646,47.02508594239613,97.02977530905463,14.50949681213425,0.0175504,0.8921352673804968,56.691806252081,6.5892012246033955
nominal,8.0,105469,512,512,25,100000,ALL,68808,65,100.0,100.0,0.09446575979537263,2.1125306971758464,6.5350120587596825,19.805676572187455,45.1944166613615,128.44466471342255,14.50949681213425,0.08406165,1.2555883016526421,20.774431415121885,9.812812463667015
nominal,8.0,130471,512,512,25,100000,BW,1484,9,2.166802943581357,14.285714285714286,0.6064690026954178,1.5308914027506495,4.682339073482939,13.926965329453793,32.14955556513846,80.30645482699155,19.42543429991739,0.030425800000000003,0.6324036156826145,45.36182284346117,5.592991913746631
nominal,8.0,130471,512,512,25,100000,BH,37694,32,55.03737881088658,50.79365079365079,0.08489414760969916,3.1773890454740865,7.739771935808292,22.44963914361164,43.87151101405133,163.69080839250495,16.073511420477423,0.247239,1.532670148912214,11.21930638643005,12.232716082135088
nominal,8.0,130471,512,512,25,100000,LL,29310,22,42.79581824553206,34.92063492063492,0.07505970658478335,1.2541302916975268,4.899974050519596,14.237075326757093,44.704875249706596,234.9970662197428,17.262930987592927,0.01698325,0.837252710424872,60.697677341187045,6.5574889116342545
nominal,8.0,130471,512,512,25,100000,ALL,68488,63,100.0,100.0,0.0919869174161897,2.0630448993998924,6.458208649020788,19.571888186537876,44.09212684873281,234.9970662197428,16.65908946755233,0.0821152,1.2155535641473396,21.320743702809608,9.660086438500175
nominal,8.0,135135,512,512,25,100000,BW,1666,11,2.425248202171951,17.741935483870968,0.6602641056422569,1.3036314419285489,4.471575793230872,13.217582792505182,37.25975827386732,59.4295989939751,20.83414013377574,0.0213787,0.5654024708415366,53.08481238750229,4.861944777911164
nominal,8.0,135135,512,512,25,100000,BH,37820,23,55.0557545054881,37.096774193548384,0.060814383923849816,3.237502896521434,7.8182512156163355,22.762009504137364,43.77875811011097,106.16119544309554,16.47735434525389,0.2590505,1.5644439883490746,11.313577842185945,12.57800105764146
nominal,8.0,135135,512,512,25,100000,LL,29208,28,42.51899729233994,45.16129032258065,0.0958641468090934,1.2176881974565756,4.937014712390534,14.4876915380808,45.953273564444565,102.47334821417603,14.212701182910417,0.01713,0.8860798320535811,57.47041678973868,6.652287044645303
nominal,8.0,135135,512,512,25,100000,ALL,68694,62,100.0,100.0,0.09025533525489854,2.069112147403412,6.512013159309913,19.84149910484049,44.556209733337745,106.16119544309554,15.97233801877481,0.08411675,1.251781114659286,21.242109929430097,9.87131336070108
nominal,8.0,143455,512,512,25,100000,BW,1676,4,2.422455410054057,5.882352941176471,0.2386634844868735,1.4943355075266038,4.5759861466799965,12.929368979666707,35.32630695890786,51.6073047569877,16.66690978937021,0.02660395,0.568861154270883,43.32979637085993,5.250596658711217
nominal,8.0,143455,512,512,25,100000,BH,38050,34,54.99667562801723,50.0,0.08935611038107753,3.213728277994709,7.742965860497341,22.31965364579078,43.58331066211119,84.8679578116505,14.506887277411124,0.2419715,1.5739309214899606,11.208774788413312,12.275952693823916
nominal,8.0,143455,512,512,25,100000,LL,29460,30,42.580868961928715,44.11764705882353,0.10183299389002037,1.2222606157496847,4.921776276250665,14.518396672097149,46.31125682549312,135.8857508438494,12.298878084456959,0.01743165,0.8650620662215546,55.890428127798316,6.63611676849966
nominal,8.0,143455,512,512,25,100000,ALL,69186,68,100.0,100.0,0.09828578036018848,2.0788108444441438,6.464960149048999,19.627469578817305,44.32145978253042,135.8857508438494,13.863637888803165,0.0822287,1.2477410361653802,21.038773012030056,9.704275431445668
nominal,8.0,145992,512,512,25,100000,BW,1682,6,2.3785954690726023,10.714285714285714,0.356718192627824,1.6055061383798481,4.82906571006646,13.936088016285922,36.30808977642615,76.36494275225255,19.02676163406834,0.0337848,0.5604038853180738,41.5186780840735,5.58858501783591
nominal,8.0,145992,512,512,25,100000,BH,39058,27,55.23375852023644,48.214285714285715,0.06912796354139997,3.1956415828548947,7.739701754875151,22.319605537957134,44.433000063877344,89.27013043366524,12.752704722156999,0.2538015,1.5642403515456502,10.96285829222051,12.29965692047724
nominal,8.0,145992,512,512,25,100000,LL,29974,23,42.38764601069095,41.07142857142857,0.07673316874624675,1.2266830385190102,4.843695284512089,14.091067223344727,45.718964132664475,121.59880804877349,16.559717274577885,0.01700465,0.8679596484895575,58.191437202883264,6.432241275772337
nominal,8.0,145992,512,512,25,100000,ALL,70714,56,100.0,100.0,0.07919223916056227,2.073518656178916,6.442920526687938,19.607207884324566,44.77434467559156,121.59880804877349,14.623268580991326,0.08188095000000001,1.2452261431908958,20.912218561241293,9.652968294821394
nominal,8.0,153768,512,512,25,100000,BW,1590,8,2.3476257973068746,12.121212121212121,0.5031446540880503,1.4560791181782284,4.566633338725929,13.5888746112911,37.468331274321194,94.27401809400696,19.292312575020357,0.0254315,0.5456653620245283,40.72512884125593,5.283018867924529
nominal,8.0,153768,512,512,25,100000,BH,37360,32,55.16182376565084,48.484848484848484,0.08565310492505353,3.177112133854263,7.750333041973108,22.51702615101827,44.67851670948487,108.54547455241463,16.407507966888385,0.2488715,1.558496656733271,11.283971174137493,12.355460385438972
nominal,8.0,153768,512,512,25,100000,LL,28778,26,42.49055043704229,39.39393939393939,0.09034679268885955,1.198006976129868,4.954106022205001,14.626383318695295,45.950200589443554,284.1076872863347,13.972126747623628,0.01704155,0.8960968694456529,57.733904595111206,6.776009451664466
nominal,8.0,153768,512,512,25,100000,ALL,67728,66,100.0,100.0,0.09744861800141744,2.0417064870511927,6.487459434262123,19.765540753964288,45.07990003765778,284.1076872863347,15.408551343713292,0.08155409999999999,1.253261852263185,21.38534630792721,9.818686510748877
nominal,8.0,159302,512,512,25,100000,BW,1648,3,2.414935083965886,4.3478260869565215,0.1820388349514563,1.6022693866257316,4.626025481662824,13.93409531724317,33.86054242270122,56.09369693315585,17.61983647668319,0.0323398,0.6644055032827669,41.6558445234102,4.490291262135923
nominal,8.0,159302,512,512,25,100000,BH,37848,37,55.46144603030392,53.6231884057971,0.09775945888818431,3.225414602791993,7.8090326578426925,22.417907916744404,44.32416291433816,1058.1807666695338,14.811024299138902,0.2477475,1.5601747555197105,11.2949784554813,12.349397590361445
nominal,8.0,159302,512,512,25,100000,LL,28746,29,42.123618885730195,42.028985507246375,0.10088360119668824,1.2078550782879245,4.8752235753462,14.152223774932072,45.99491837705047,81.36153025460258,13.041798260557107,0.016510999999999998,0.8941359308321505,60.73853370193107,6.404369303555277
nominal,8.0,159302,512,512,25,100000,ALL,68242,69,100.0,100.0,0.10111075290876587,2.0626265188276567,6.496338544074214,19.519891623142332,44.61371601712413,1058.1807666695338,13.934795864967354,0.0803401,1.2579828534336772,21.40090761906876,9.655344216171859
nominal,8.0,167029,512,512,25,100000,BW,1586,5,2.2789975859294174,8.771929824561404,0.31525851197982346,1.5029275548778316,4.46637564236886,12.125087422849367,33.72108621752583,129.2611949498458,21.732181520065893,0.02225925,0.4685460578095839,54.38671787411086,4.918032786885246
nominal,8.0,167029,512,512,25,100000,BH,38228,26,54.931601333486604,45.6140350877193,0.06801297478288165,3.217785856630474,7.674285149311944,22.26847192700778,43.972628058582124,77.87002416449525,15.567293883651818,0.249857,1.559500398856388,11.343668022815189,12.033064769279063
nominal,8.0,167029,512,512,25,100000,LL,29778,26,42.78940108058398,45.6140350877193,0.08731278124790114,1.22851913713415,4.829469013056371,13.863220768144158,46.842249320501175,91.07613715299375,18.653616460214415,0.01717465,0.8498135123490832,60.524332990376124,6.407414870038283
nominal,8.0,167029,512,512,25,100000,ALL,69592,57,100.0,100.0,0.08190596620301184,2.054127684093013,6.3838971825423405,19.307265303639063,44.604262467005256,129.2611949498458,17.092822086079423,0.07803805,1.2309668074764197,21.696297759127486,9.463731463386596
nominal,8.0,167815,512,512,25,100000,BW,1692,13,2.5536538983971746,17.333333333333332,0.7683215130023641,1.527697841474938,4.975977592775754,13.174777033537364,40.7202473335399,198.55898994051023,14.919095807770699,0.0247723,0.5971502937021277,53.101100077944665,5.555555555555555
nominal,8.0,167815,512,512,25,100000,BH,36290,30,54.770744664795195,40.0,0.08266740148801323,3.1571337999878426,7.760524432458152,22.610291082133095,44.25026107734193,97.82121460002156,14.696398087122857,0.2507705,1.532527049642546,11.600430455713001,12.455221824193993
nominal,8.0,167815,512,512,25,100000,LL,28276,32,42.67560143680763,42.666666666666664,0.1131701796576602,1.23256871249328,5.0076359506807675,14.741417526461975,46.068582736860044,128.47360492621334,14.981985142681872,0.01750775,0.8595257157611402,57.184343685255186,6.8963078228886685
nominal,8.0,167815,512,512,25,100000,ALL,66258,75,100.0,100.0,0.11319387847505206,2.049902211564741,6.514605027050806,19.867632353309343,44.91620177033523,198.55898994051023,14.923944627779086,0.08110485,1.2214333977381449,21.431598426010375,9.906728244136557
nominal,20.0,100805,512,512,25,100000,BW,1034,5,2.1886377106087544,9.25925925925926,0.4835589941972921,1.4402691021521736,4.413580715092128,12.379059800768783,32.65635024952773,68.7691020759677,20.341503342200703,0.026141949999999997,0.668356169041586,46.64290088583236,4.932301740812379
nominal,20.0,100805,512,512,25,100000,BH,26800,27,56.726780120226906,50.0,0.10074626865671642,3.1154911604816657,7.576155857076117,21.919804853236645,44.253318574317184,101.63010461919905,15.465837725951163,0.25388,1.5109998492333583,10.84155498319546,11.783582089552239
nominal,20.0,100805,512,512,25,100000,LL,19410,22,41.084582169164335,40.74074074074074,0.11334363730036064,1.1563569642731724,4.711667686844314,13.775552498450772,43.90872775734043,84.44404148950382,20.271085747905335,0.016112050000000003,0.8208413591368882,59.67112201285556,6.306027820710974
nominal,20.0,100805,512,512,25,100000,ALL,47244,54,100.0,100.0,0.1143002286004572,2.014389097320299,6.330075548867439,19.255300646026026,43.989803229934,101.63010461919905,16.080207749818907,0.0851394,1.2090086999214713,20.573156697152093,9.383202099737533
nominal,20.0,105469,512,512,25,100000,BW,1138,5,2.4255083336885632,13.513513513513514,0.43936731107205623,1.3671204253909497,4.158038037946413,12.126414517090325,34.159679005929846,53.26447312361903,12.267059962702762,0.01995355,0.6706294602785587,50.51865956418203,3.9543057996485063
nominal,20.0,105469,512,512,25,100000,BH,26618,18,56.73302357304233,48.648648648648646,0.06762341272822901,3.1402183837574635,7.608187561321812,22.00120289404504,44.109665053416464,88.97626375897724,14.150995496123317,0.254206,1.5231633845982793,11.08487103978708,11.82282665865204
nominal,20.0,105469,512,512,25,100000,LL,19162,14,40.84146809326911,37.83783783783784,0.07306126709111783,1.2195600737477552,4.73282623016127,13.669917979109984,44.02469280807277,87.32552634525965,14.986128297133144,0.0161368,0.8265379874078383,59.10287318933159,6.2102077027450155
nominal,20.0,105469,512,512,25,100000,ALL,46918,37,100.0,100.0,0.07886099151711497,2.063345984445595,6.350164116475495,19.16921710342867,43.940207256745566,88.97626375897724,13.390225247815334,0.0855519,1.2179730638932393,20.892148868105558,9.339699049405345
nominal,20.0,130471,512,512,25,100000,BW,1056,5,2.269698663113098,14.285714285714286,0.4734848484848485,1.4287603251086032,4.518657764147046,12.12411707495366,35.82938971785047,161.6480818874161,18.1511612845958,0.023749649999999997,0.4741928132149621,50.276838340049814,4.261363636363636
nominal,20.0,130471,512,512,25,100000,BH,26200,19,56.312599406783306,54.285714285714285,0.07251908396946564,3.098605403139528,7.511337857894503,21.65515120509802,43.21691339700035,82.68198051884215,15.427498523145143,0.2419485,1.5080105185489694,11.38810581455789,11.744274809160306
nominal,20.0,130471,512,512,25,100000,LL,19270,11,41.4177019301036,31.428571428571427,0.05708354955889985,1.1525235877031061,4.7279306564202,13.483608306218418,45.77725710044279,82.32657405951781,17.383211016871467,0.0156062,0.8389800409472756,61.99760851025168,6.362221069019201
nominal,20.0,130471,512,512,25,100000,ALL,46526,35,100.0,100.0,0.07522675493272579,2.0114749253782906,6.2905897396078,19.15964592266025,43.923592309235296,161.6480818874161,17.383211016871467,0.08162245,1.2074489228773588,21.250510677511368,9.345312298499763
nominal,20.0,135135,512,512,25,100000,BW,1170,4,2.4274866177019794,8.0,0.3418803418803419,1.4424412128011668,4.546053531083542,12.704894272107977,35.71388261945524,115.67076001278916,31.227939848851257,0.02844455,0.5505158084709402,46.534886797073405,5.47008547008547
nominal,20.0,135135,512,512,25,100000,BH,27202,26,56.438026474127554,52.0,0.09558120726417176,3.104139343328743,7.6061533910144075,22.281924794348917,44.13474594818486,76.31270646501093,15.36605866977327,0.2469165,1.5703714728826925,11.180962145085255,12.13146092199103
nominal,20.0,135135,512,512,25,100000,LL,19826,20,41.134486908170466,40.0,0.10087763542822556,1.1968912235530358,4.812890609859242,13.93788794883511,46.87780813288932,115.38580212379146,16.52227193665756,0.016227699999999998,0.8706381740998184,59.35558178374643,6.360334913749622
nominal,20.0,135135,512,512,25,100000,ALL,48198,50,100.0,100.0,0.10373874434623843,2.0174104956117787,6.382875563401199,19.509562198303065,44.87630742217512,115.67076001278916,15.856992155539162,0.08499955000000001,1.257782910929271,20.719513835515418,9.595833852027056
nominal,20.0,143455,512,512,25,100000,BW,1160,7,2.459294436906377,16.666666666666668,0.603448275862069,1.2899866708847019,4.272950030405158,12.23080034272376,39.2021405271211,88.60012003856377,24.10753948976066,0.0207106,0.5303531636534483,53.79269815442722,4.827586206896552
nominal,20.0,143455,512,512,25,100000,BH,26822,17,56.8648236092266,40.476190476190474,0.06338080680038774,3.161240212045997,7.574685938167729,22.065523376108665,43.75327208031988,114.35650450978645,16.214093133666147,0.244119,1.533587303660167,11.228133900216386,11.960331071508463
nominal,20.0,143455,512,512,25,100000,LL,19186,18,40.67588195386703,42.857142857142854,0.09381840925674971,1.185423700827824,4.676695846155135,13.463559326850556,44.71145961238113,94.84172772504203,13.752877654044358,0.0163663,0.8507612644986449,58.434739448874005,6.155530074012301
nominal,20.0,143455,512,512,25,100000,ALL,47168,42,100.0,100.0,0.08904341926729986,2.019670658010347,6.314703501804979,19.270624117478814,43.986857911078886,114.35650450978645,14.260359155586814,0.08377965,1.2311693086262296,20.50083378172612,9.423761872455902
nominal,20.0,145992,512,512,25,100000,BW,1276,3,2.647742363877822,6.666666666666667,0.23510971786833856,1.287964086539313,3.9883308324811093,11.496055993823607,31.17234861682195,71.55963727280236,10.849056797110345,0.0169763,0.4432898379177116,50.94694449185333,3.918495297805643
nominal,20.0,145992,512,512,25,100000,BH,27462,15,56.98456175298805,33.333333333333336,0.05462093074065982,3.158793634715248,7.555403344199415,21.77210470495437,43.47464270437624,86.1877128984414,14.046088557945867,0.25351650000000003,1.5316320734912243,10.822212524924861,11.696161969266623
nominal,20.0,145992,512,512,25,100000,LL,19454,27,40.36769588313413,60.0,0.1387889380076077,1.1811451761853455,4.759192270334833,13.954177661232645,44.19184531826763,125.04481691101196,19.049679391200954,0.01738755,0.864273591481238,57.25140543761881,6.235221548267708
nominal,20.0,145992,512,512,25,100000,ALL,48192,45,100.0,100.0,0.09337649402390438,2.0562921068099764,6.332190471608236,19.147086368569497,43.58083119848883,125.04481691101196,17.635514698080748,0.08758774999999999,1.2334183325878778,20.072900637424578,9.285773572377158
nominal,20.0,153768,512,512,25,100000,BW,1248,5,2.671690357938003,11.363636363636363,0.40064102564102566,1.600408929493397,4.553406291714874,12.4199503081525,36.453223913388186,66.37117657108473,18.0777985199189,0.0306207,0.680920270286859,42.72992562719165,5.048076923076923
nominal,20.0,153768,512,512,25,100000,BH,26542,25,56.820517211851346,56.81818181818182,0.09419033983874614,3.172420000603077,7.6226637084780595,22.3691577967303,43.981776990984606,83.90484332559122,13.209550506743739,0.257456,1.555157042040728,10.804626541225097,12.127948157636952
nominal,20.0,153768,512,512,25,100000,LL,18922,14,40.50779243021065,31.818181818181817,0.07398795053377022,1.1840890786130294,4.683641556881589,13.628282734741587,44.013101566286046,85.32848536584402,15.60594183240561,0.0161659,0.8030022966859212,60.20457997987716,6.056442236550048
nominal,20.0,153768,512,512,25,100000,ALL,46712,44,100.0,100.0,0.0941942113375578,2.0598054928189917,6.35012966136749,19.317703104555505,43.94443516248486,85.32848536584402,15.21072024442021,0.085085,1.2271188595019267,20.784991847092975,9.479362904606953
nominal,20.0,159302,512,512,25,100000,BW,1252,4,2.6238578254673484,8.695652173913043,0.3194888178913738,1.4670408270126905,4.387060358731832,12.679383607675023,33.96732413132089,52.81025269090642,12.172274690096481,0.0298446,0.5568971502515974,43.9667483940903,4.472843450479233
nominal,20.0,159302,512,512,25,100000,BH,26958,19,56.496772571045355,41.30434782608695,0.0704800059351584,3.151906823573417,7.6031257782079935,21.8081791610335,44.68132645813992,155.89451023348107,20.556451206780253,0.2524515,1.522366035654574,11.079408352058714,11.714518881222642
nominal,20.0,159302,512,512,25,100000,LL,19506,23,40.8793696034873,50.0,0.11791243719881062,1.2020203549561823,4.755392929963337,13.733732908725406,45.944730334360614,95.6515582796565,14.693798795281857,0.0169139,0.8802951809602172,59.456919689636656,6.044294063365118
nominal,20.0,159302,512,512,25,100000,ALL,47716,46,100.0,100.0,0.09640372202196329,2.0547135930944127,6.354605557673069,19.001104534316323,44.87344887481462,155.89451023348107,15.51743658525178,0.0832153,1.2345589869456997,20.59103026640241,9.206555453097494
nominal,20.0,167029,512,512,25,100000,BW,1144,7,2.430835918575496,13.72549019607843,0.6118881118881119,1.6039191735724576,5.0905387273690295,13.849934458715387,39.002044840771454,224.9205691405185,18.156778152696507,0.031046650000000002,0.5654465909632866,42.889145226717574,4.895104895104895
nominal,20.0,167029,512,512,25,100000,BH,26944,24,57.252135480855046,47.05882352941177,0.08907363420427554,3.059693339455103,7.527638140054502,21.60442777631077,44.1553404833433,395.7303778269562,18.50346249335496,0.243736,1.5069612632113643,11.353174115657897,11.624109263657957
nominal,20.0,167029,512,512,25,100000,LL,18974,20,40.317028600569465,39.21568627450981,0.10540739959945188,1.1894656825902583,4.744746986865597,13.881071895259673,43.85735385004648,105.28277919941806,15.368725263317305,0.0161801,0.8208468813313482,58.94774756187038,6.356066195846949
nominal,20.0,167029,512,512,25,100000,ALL,47062,51,100.0,100.0,0.10836768518125027,2.0458872060709967,6.346417230005664,19.187116097485458,43.92569475682608,395.7303778269562,16.15327927422283,0.08469325,1.2074536548045134,21.03261782528424,9.336619778164975
nominal,20.0,167815,512,512,25,100000,BW,1130,5,2.3740493298037735,9.433962264150944,0.4424778761061947,1.5702251252713577,4.808837682856809,13.73137622763584,39.08903518206413,63.11767094080388,21.25229490024349,0.02945395,0.6918821129964602,36.49563597508071,5.398230088495575
nominal,20.0,167815,512,512,25,100000,BH,27032,22,56.792302197571324,41.509433962264154,0.08138502515537141,3.0930861975113735,7.559379657367548,21.863521176389327,43.37816172869311,74.33986696866718,17.49317270032557,0.24568649999999997,1.5215890026485275,11.14264180465734,11.704646345072508
nominal,20.0,167815,512,512,25,100000,LL,19436,26,40.8336484726249,49.056603773584904,0.13377238114838444,1.2027731719899981,4.777638279163021,13.963849103715608,46.14486588625867,93.80447173403921,15.230808879482947,0.01661005,0.9232770100346264,60.48739622797151,6.225560814982507
nominal,20.0,167815,512,512,25,100000,ALL,47598,53,100.0,100.0,0.11134921635362831,2.022611129694821,6.358193938262117,19.17655903838352,43.93015289085656,93.80447173403921,16.104376973057704,0.0844972,1.257578735961889,20.58092035177515,9.3176183873272
tuned,2.0,100805,512,512,64,4471286,BW,2540,14,2.1868273783900127,12.727272727272727,0.5511811023622047,1.4301258769913703,4.8085879250393795,14.199687582800934,35.45053643141144,62.69603536590257,20.18368051861995,0.02679405,0.5988923604362205,44.172130174396045,6.062992125984252
tuned,2.0,100805,512,512,64,4471286,BH,60290,48,51.90701678863539,43.63636363636363,0.07961519323270858,3.327580214206853,7.982621729301511,23.02839784080176,45.57982978796743,187.64923802704993,15.385909467364623,0.25381549999999997,1.597806249167706,11.271395266548856,12.826339359761155
tuned,2.0,100805,512,512,64,4471286,LL,53320,48,45.906155832974605,43.63636363636363,0.0900225056264066,1.291165389868123,5.245828524683482,15.49621363853975,48.48599759448026,98.14290712033832,13.863082697974164,0.019873349999999998,0.9242865926972244,54.01616226493388,7.3218304576144035
tuned,2.0,100805,512,512,64,4471286,ALL,116150,110,100.0,100.0,0.09470512268618166,2.123653995203827,6.65685453573234,20.205470959316433,46.62214500328955,187.64923802704993,15.385909467364623,0.0796,1.266774743697331,21.56225768073572,10.15152819629789
tuned,2.0,105469,512,512,64,4471286,BW,2618,9,2.2924693520140105,8.823529411764707,0.3437738731856379,1.5101090167266902,4.799253046268215,13.738147886047168,41.48301902230084,130.1870683864187,21.01387711496635,0.02642675,0.6652674152284186,43.52323897304041,5.233002291825821
tuned,2.0,105469,512,512,64,4471286,BH,60254,52,52.76182136602452,50.98039215686274,0.08630132439340127,3.284978525589022,7.972792217817772,23.193630538264905,44.95750745509882,98.29183537120467,14.311397076175105,0.2503055,1.5697267112935074,11.258262352027142,13.086268131576325
tuned,2.0,105469,512,512,64,4471286,LL,51328,41,44.94570928196147,40.19607843137255,0.0798784289276808,1.324762144777817,5.2733790701227345,15.579632688044146,48.750463295769634,104.84859591278205,16.361797021362186,0.01955875,0.901596427735466,54.26633488080873,7.37219451371571
tuned,2.0,105469,512,512,64,4471286,ALL,114200,102,100.0,100.0,0.0893169877408056,2.124783482607056,6.686769419253782,20.4124300516563,46.2460277253491,130.1870683864187,15.975564303298453,0.0804598,1.2486963642570315,21.259299488199936,10.33800350262697
tuned,2.0,130471,512,512,64,4471286,BW,2614,15,2.2020048858562884,10.638297872340425,0.5738332058148432,1.5002557834807793,4.775445365261177,13.556039781556692,33.88834775749994,248.29816820622798,28.078146823851412,0.02118945,0.5337010617433052,50.52409468337805,6.0061208875286916
tuned,2.0,130471,512,512,64,4471286,BH,61476,53,51.786707101339395,37.5886524822695,0.08621250569327868,3.3695620715558676,7.994468842945249,22.954076544167172,44.86782355349166,83.13892139809127,15.117720086900158,0.25891050000000004,1.5700619224295007,11.314607582437837,12.899342832975469
tuned,2.0,130471,512,512,64,4471286,LL,54620,73,46.011288012804314,51.773049645390074,0.13365067740754302,1.2962453074576101,5.240062071287323,15.355156273759153,48.86025384306163,284.24884832413744,14.440161537676191,0.01988085,0.9459304154507507,54.72492635925138,7.167704137678506
tuned,2.0,130471,512,512,64,4471286,ALL,118710,141,100.0,100.0,0.118776851149861,2.1156665269400237,6.656247755938072,20.1341020387598,46.294113437166196,284.24884832413744,15.163999945779008,0.07931925000000001,1.2600702603874399,21.687859398979107,10.110352960997389
tuned,2.0,135135,512,512,64,4471286,BW,2480,9,2.1444753817685003,8.108108108108109,0.3629032258064516,1.495464041701371,4.484932171624459,12.72852920829482,38.59068385006191,76.12348361465756,12.788734895164028,0.02151675,0.5435898593649193,53.94699943930488,4.717741935483871
tuned,2.0,135135,512,512,64,4471286,BH,60336,37,52.173010739671064,33.333333333333336,0.061323256430655,3.281814934014551,7.893824590141688,22.924933233682193,44.83810661316833,91.56268225065436,16.916940346755773,0.249624,1.5434256339260475,11.370388758663807,12.748607796340494
tuned,2.0,135135,512,512,64,4471286,LL,52830,65,45.682513878560435,58.55855855855856,0.12303615370054893,1.3348352762765658,5.284658072332378,15.642265703897404,48.569495950263786,93.30323615652945,14.789905859112448,0.0199888,0.9181997688224115,52.92310222781123,7.355669127389741
tuned,2.0,135135,512,512,64,4471286,ALL,115646,111,100.0,100.0,0.09598256749044498,2.1167367068950775,6.628788874822623,20.14872601279006,46.10435336996593,93.30323615652945,15.606088153100453,0.0787556,1.2363655092841517,21.64319627666514,10.112757899105892
tuned,2.0,143455,512,512,64,4471286,BW,2638,13,2.3205080839534844,11.304347826086957,0.4927975739196361,1.5026518703563376,4.299137929776416,12.48280244857128,32.82107083981614,71.52406879690291,12.586967602831267,0.02039595,0.5224375181050038,54.37133373574194,4.435178165276725
tuned,2.0,143455,512,512,64,4471286,BH,59582,57,52.41111169754227,49.56521739130435,0.09566647645261991,3.327136328467994,7.9727352920280525,23.162278822118346,45.47096037325049,90.564506681388,19.486900553554744,0.2533175,1.5775166405812995,11.200955326847062,13.017354234500353
tuned,2.0,143455,512,512,64,4471286,LL,51462,45,45.26838021850425,39.130434782608695,0.08744316194473592,1.3166526944178838,5.288374996788118,15.83597325193642,47.70126927311555,156.06885420153017,17.771597816521304,0.01980025,0.9173305818601493,53.870078287632296,7.471532392833547
tuned,2.0,143455,512,512,64,4471286,ALL,113682,115,100.0,100.0,0.10115937439524288,2.128158247053793,6.672322743381324,20.36291543368728,46.25355085154309,156.06885420153017,17.67296700099274,0.081026,1.2541779090406837,21.52525049979866,10.307700427508312
tuned,2.0,145992,512,512,64,4471286,BW,2500,6,2.1548008963971728,6.521739130434782,0.24,1.4942795987149746,4.692207748280913,13.777909671873713,36.12181095706534,73.14919318346311,24.57578307383275,0.02568115,0.6404126489436,48.78220712276615,5.64
tuned,2.0,145992,512,512,64,4471286,BH,60534,32,52.175486985002586,34.78260869565217,0.05286285393332672,3.3108346561278097,7.963699604199331,23.053054058357805,45.102345831275926,89.7365956819136,14.201935601782065,0.250277,1.5581661145186176,11.452478195734518,12.891928502990055
tuned,2.0,145992,512,512,64,4471286,LL,52986,54,45.669712118600245,58.69565217391305,0.10191371305627901,1.3187378060563584,5.214142832638131,15.35151397494419,47.615198190037354,190.0736009024956,15.557280320722633,0.019623,0.923110851362775,54.1024568074272,7.173593024572529
tuned,2.0,145992,512,512,64,4471286,ALL,116020,92,100.0,100.0,0.07929667298741597,2.117363951449324,6.637490806252961,20.15136659058152,45.89429124921635,190.0736009024956,15.557280320722633,0.08082639999999999,1.2483624441383987,21.66606909709821,10.124116531632477
tuned,2.0,153768,512,512,64,4471286,BW,2582,10,2.231363534230949,7.874015748031496,0.3872966692486445,1.517747124850654,4.485415403548419,12.663836039876431,37.41418385760016,60.595027188545195,31.039112524945942,0.02535125,0.5858716154922541,52.1799806078899,4.841208365608056
tuned,2.0,153768,512,512,64,4471286,BH,60394,68,52.192474549319876,53.54330708661417,0.11259396628804186,3.297768053137619,7.962076674393695,23.087862584760014,45.196646741456306,82.02146566232442,13.7613142666707,0.249577,1.5424876467948638,11.645769967746181,12.880418584627613
tuned,2.0,153768,512,512,64,4471286,LL,52738,49,45.57616191644917,38.58267716535433,0.09291213166976374,1.3425364107959763,5.265707715849759,15.628291647563586,47.460249064183444,121.86738323499598,13.88672956958827,0.01955765,0.9486209574839205,52.92449784192765,7.307823580719784
tuned,2.0,153768,512,512,64,4471286,ALL,115714,127,100.0,100.0,0.10975335741569732,2.1276206228253574,6.655598240176463,20.206562075763323,46.02353860194182,121.86738323499598,13.925378598913483,0.08035914999999999,1.2504804216215584,21.755270371148036,10.161259657431252
tuned,2.0,159302,512,512,64,4471286,BW,2522,11,2.2130572130572133,8.870967741935484,0.43616177636796194,1.5491495897177885,4.749589403610517,13.294451660690061,39.66084917328506,83.65685081568277,18.69304121219227,0.027280699999999998,0.6432307226962728,42.79584373869921,5.471847739888977
tuned,2.0,159302,512,512,64,4471286,BH,59796,47,52.47104247104247,37.903225806451616,0.078600575289317,3.3556301180694716,8.017724620518592,23.22085337174621,45.50603665773055,170.76125189433708,19.875042326841292,0.26497550000000003,1.5814875624429563,11.019149025584616,13.084487256672686
tuned,2.0,159302,512,512,64,4471286,LL,51642,66,45.315900315900315,53.225806451612904,0.12780295108632508,1.2952441714794072,5.1800979492039225,15.355915485727325,46.67693613927783,111.50894045024111,14.906761066118632,0.01936535,0.8885764088582744,56.154101263768794,7.240230819875296
tuned,2.0,159302,512,512,64,4471286,ALL,113960,124,100.0,100.0,0.10881010881010882,2.119060714472442,6.659502844657988,20.31120360766855,45.83141627260069,170.76125189433708,16.9995705848345,0.08057634999999999,1.2467244741377501,21.36132285821265,10.267637767637767
tuned,2.0,167029,512,512,64,4471286,BW,2446,6,2.0921003113346335,5.607476635514018,0.24529844644317253,1.4734451114946867,4.5926065001972445,13.60910323445282,34.48958986448403,55.715537804418254,15.14522207682099,0.02418455,0.5178788484848732,48.57443540523104,5.519215044971382
tuned,2.0,167029,512,512,64,4471286,BH,60690,46,51.90906291696603,42.99065420560748,0.0757950238919097,3.2782097015929024,7.907268104133627,22.864124116615255,45.066197005716994,114.38651879039621,17.108050967245273,0.2481105,1.539969257145955,11.451144499832772,12.81759762728621
tuned,2.0,167029,512,512,64,4471286,LL,53780,55,45.99883677169934,51.401869158878505,0.1022685013015991,1.276377229618256,5.171537372301442,15.444428264531966,47.765471396325296,98.93941522170776,12.538697336340997,0.0185445,0.9154151753877465,54.07614832720147,7.123465972480476
tuned,2.0,167029,512,512,64,4471286,ALL,116916,107,100.0,100.0,0.09151869718430326,2.0773952297629537,6.579517744549283,20.050074669852847,45.94909897586936,114.38651879039621,14.038103603165286,0.07582040000000001,1.2312984879052908,21.876452930887908,10.045673817099456
tuned,2.0,167815,512,512,64,4471286,BW,2506,11,2.1963960173888655,8.870967741935484,0.4389465283320032,1.6120854549898431,4.824002960287832,14.406709672148702,37.06027399957599,64.09781422402325,21.655432968387867,0.02554115,0.6963145430187551,42.613939848355194,5.826017557861133
tuned,2.0,167815,512,512,64,4471286,BH,59796,55,52.40849810685739,44.354838709677416,0.09197939661515821,3.3697811739405643,7.965772092361904,22.924162736761108,44.96002221387286,366.076832423886,17.744322578859435,0.24803350000000002,1.5647492072617901,11.423528689616944,12.703190848886214
tuned,2.0,167815,512,512,64,4471286,LL,51794,58,45.39510587575375,46.774193548387096,0.11198208286674133,1.3089927441733191,5.246704992003917,15.3404490576772,48.27247683289643,120.31534111337635,16.091796668023626,0.019557650000000003,0.9021454698070047,55.441169332080875,7.205467814804805
tuned,2.0,167815,512,512,64,4471286,ALL,114096,124,100.0,100.0,0.10868040947973637,2.140941587131952,6.662443011229182,20.064976809154235,46.151636745179744,366.076832423886,16.615644258403652,0.0792297,1.2448852747284302,21.601834409715046,10.05644369653625
tuned,4.0,100805,512,256,64,707831,BW,1958,15,2.185706950056931,19.48051948051948,0.7660878447395302,1.502395746553939,4.874083593096503,13.3786433541577,40.78597824873017,139.4696062029947,14.485718184014875,0.02873165,0.5437567116695609,48.021657132316406,5.005107252298264
tuned,4.0,100805,512,256,64,707831,BH,48038,30,53.62461208724967,38.96103896103896,0.06245055997335443,3.338670288675217,7.89460633658103,22.86384820790658,44.68765545108583,77.25624346463135,14.193355905731023,0.25649999999999995,1.5519746368164162,11.249721227899107,12.71493401057496
tuned,4.0,100805,512,256,64,707831,LL,39586,32,44.1896809626934,41.55844155844156,0.08083665942504926,1.3127305466148187,5.128081609203728,15.152170845716284,47.68783083514063,106.41124043790998,13.722593016854868,0.0189803,0.900278499692189,55.02104156997103,7.042893952407417
tuned,4.0,100805,512,256,64,707831,ALL,89582,77,100.0,100.0,0.08595476769886808,2.137474177018676,6.606068110266587,20.04723803288469,45.786256383438044,139.4696062029947,13.78188875013859,0.0819178,1.2419555037133687,21.090668167185928,10.039963385501553
tuned,4.0,105469,512,256,64,707831,BW,1928,3,2.1154268158876453,4.225352112676056,0.15560165975103735,1.532710718608509,4.277724561724032,12.331562356802255,30.579406237283326,56.590007840295996,12.019312895565061,0.0255845,0.5406389968573652,46.206695233936045,4.253112033195021
tuned,4.0,105469,512,256,64,707831,BH,48570,29,53.2916392363397,40.84507042253521,0.05970763845995471,3.2447105412840407,7.878542649174718,22.900456440865458,44.21346786435972,232.69993199053172,16.752803011857722,0.25397400000000003,1.5471207224662962,11.122877943656437,12.80214123944822
tuned,4.0,105469,512,256,64,707831,LL,40642,39,44.59293394777266,54.929577464788736,0.09595984449584175,1.2679518730074475,5.067957146432205,14.75302200621151,47.2223930863888,198.41908022776315,14.435002647167327,0.018248,0.8829509421298902,56.34228289142453,6.889424733034792
tuned,4.0,105469,512,256,64,707831,ALL,91140,71,100.0,100.0,0.07790212859337284,2.08717669716093,6.5490474409778106,19.985725887029233,45.13253449666411,232.69993199053172,15.09036846628769,0.0787582,1.229656546699276,21.517410550250414,9.984639016897082
tuned,4.0,130471,512,256,64,707831,BW,1918,6,2.1759353799378305,7.0588235294117645,0.31282586027111575,1.473017736676771,4.610659142685166,13.742527929232025,33.1903838404429,56.31992031702884,15.767186189594627,0.0207274,0.5839723647742441,48.93841834827414,5.109489051094891
tuned,4.0,130471,512,256,64,707831,BH,47100,41,53.4340752841876,48.23529411764706,0.0870488322717622,3.270120232433219,7.799006185563576,22.456207743832955,44.52043329702177,260.64443354084597,17.952223658981985,0.245701,1.522550039215435,11.332423321265326,12.27176220806794
tuned,4.0,130471,512,256,64,707831,LL,39128,38,44.389989335874574,44.705882352941174,0.09711715395624616,1.2623834588086953,5.058269747180144,14.744959090457577,48.09923550878126,96.37528605656239,17.87394588475732,0.0182803,0.8674859475339143,57.80130572767842,6.86209364138213
tuned,4.0,130471,512,256,64,707831,ALL,88146,85,100.0,100.0,0.09643092142581626,2.0802710176028314,6.513017201499549,19.618921078470247,45.60764221146853,260.64443354084597,17.945532306418528,0.07787125,1.211344315088501,21.688231280064365,9.714564472579584
tuned,4.0,135135,512,256,64,707831,BW,2074,7,2.3885203611571773,8.433734939759036,0.33751205400192863,1.6595384439988718,4.846482063826885,14.27266812678102,36.749148772326016,83.01134104890416,16.663119860567875,0.030517250000000003,0.5706542984913211,43.36209955885324,5.978784956605593
tuned,4.0,135135,512,256,64,707831,BH,46584,43,53.64842454394693,51.80722891566265,0.09230637128627855,3.268597401664469,7.806563568803256,22.50130615675764,44.3616810925381,220.9883772282194,14.953291261537052,0.244543,1.5235936786506095,11.472466970360191,12.437746865876695
tuned,4.0,135135,512,256,64,707831,LL,38174,33,43.96305509489589,39.75903614457831,0.08644627233195369,1.2565357213308537,5.138638648666832,15.09058508348218,47.320085936036875,419.6106819409563,16.096891468918475,0.01940325,0.8942416751517264,55.340129321435725,7.054539739089432
tuned,4.0,135135,512,256,64,707831,ALL,86832,83,100.0,100.0,0.09558688041275105,2.097771436593788,6.562960116820014,19.890463672656875,45.42255502474803,419.6106819409563,16.125732100708703,0.08048345000000001,1.2241501594869748,21.15806211195426,9.916850930532522
tuned,4.0,143455,512,256,64,707831,BW,2170,4,2.4549733007511993,5.063291139240507,0.18433179723502305,1.602833188752967,4.451440430238779,12.787150480908911,33.49856201485362,51.541213391955615,11.816306047226126,0.0258246,0.5457459274843318,48.91074604080993,4.746543778801843
tuned,4.0,143455,512,256,64,707831,BH,47540,32,53.78314779618065,40.50632911392405,0.06731173748422381,3.2290826764620966,7.788872084889259,22.57334209080429,44.373627924083024,103.54336279161849,16.06293584472882,0.2424945,1.533138618937947,11.47876593621966,12.370635254522508
tuned,4.0,143455,512,256,64,707831,LL,38682,43,43.76187890306815,54.43037974683544,0.11116281474587664,1.2701505708143304,5.037047437031831,14.666989885250638,46.288604771450075,119.77574577255317,15.404344652112487,0.01806725,0.8709803677344502,58.560577537497245,6.711131792565017
tuned,4.0,143455,512,256,64,707831,ALL,88392,79,100.0,100.0,0.0893746040365644,2.0775453064031844,6.50268885881662,19.64629856245085,44.87257849891365,119.77574577255317,15.49360799544128,0.07645565,1.219125499950844,21.758044883071978,9.70676079283193
tuned,4.0,145992,512,256,64,707831,BW,1986,6,2.240523465703971,6.0606060606060606,0.3021148036253776,1.4783315359556481,4.379708464346998,12.59055768045022,34.671575764214715,73.25356238344352,11.355724600154039,0.023969,0.4962295076384693,50.26518638243748,3.877139979859013
tuned,4.0,145992,512,256,64,707831,BH,47450,38,53.53113718411552,38.38383838383838,0.08008429926238145,3.250897633488828,7.817712141540238,22.686082164831266,44.35786083152238,115.32564181806774,16.273390383724053,0.248366,1.5389652332895472,11.333310945026431,12.585879873551105
tuned,4.0,145992,512,256,64,707831,LL,39204,55,44.228339350180505,55.55555555555556,0.14029180695847362,1.2865002604755815,5.065611065365228,14.926462084334034,47.22763595724722,146.88981535721436,20.24006481318256,0.01911875,0.8899419476701612,54.605832254528195,6.820732578308336
tuned,4.0,145992,512,256,64,707831,ALL,88640,99,100.0,100.0,0.11168772563176896,2.0898635273201305,6.523474259170306,19.799726904142332,45.25378209293759,146.88981535721436,17.63476212854786,0.07960115,1.2285502734456228,21.285680721603985,9.840929602888087
tuned,4.0,153768,512,256,64,707831,BW,1998,8,2.3341121495327104,9.090909090909092,0.4004004004004004,1.5601910487972437,4.548525027312622,13.0745012764069,33.858776192596544,64.37212550536334,13.970554379890585,0.0259258,0.5916578931806806,46.27409946709852,5.005005005005005
tuned,4.0,153768,512,256,64,707831,BH,46012,40,53.75233644859813,45.45454545454545,0.0869338433452143,3.282631467571464,7.8459304687167295,22.712151829673804,44.39968946287983,90.428010678082,14.435974669192882,0.2457275,1.5369385789572718,11.486261070566162,12.607580631139703
tuned,4.0,153768,512,256,64,707831,LL,37590,40,43.91355140186916,45.45454545454545,0.10641127959563713,1.2802020136888992,5.0807369163784735,15.196279163720748,46.80976922448549,112.51762729118774,15.628649085122001,0.018439749999999998,0.8724867019704177,57.171190698785566,6.9513168395849965
tuned,4.0,153768,512,256,64,707831,ALL,85600,88,100.0,100.0,0.102803738317757,2.0983527714700245,6.55467063572233,19.937749886573584,45.14039607562586,112.51762729118774,14.864980601772226,0.07904074999999999,1.2230902510820676,21.441146040010498,9.94626168224299
tuned,4.0,159302,512,256,64,707831,BW,1850,10,2.0909625209096254,11.764705882352942,0.5405405405405406,1.4278808621644543,4.577586814475552,13.551435325872372,37.28533364673058,63.59466979308237,19.667545033650224,0.0240199,0.48835940113297294,47.52069809043072,5.405405405405405
tuned,4.0,159302,512,256,64,707831,BH,47422,39,53.59871603598716,45.88235294117647,0.08224031040445363,3.3330111358023715,7.901433533981033,22.933500552584704,44.89978163085623,78.474815737856,15.284317334528744,0.244664,1.5619847783875629,11.375526848894605,12.780987727215217
tuned,4.0,159302,512,256,64,707831,LL,39204,36,44.31032144310321,42.35294117647059,0.09182736455463728,1.245702540034507,5.0346736760342665,14.777925643664712,47.04996980596938,92.03057811717146,13.816316805429436,0.0186557,0.8877429733145088,57.11507094910465,6.764615855524947
tuned,4.0,159302,512,256,64,707831,ALL,88476,85,100.0,100.0,0.0960712509607125,2.1042635579570366,6.561662636765627,19.951096529432284,45.589503936212054,92.03057811717146,14.908452307083385,0.0782558,1.2407769630025431,21.723616970150697,9.960893349608932
tuned,4.0,167029,512,256,64,707831,BW,1900,3,2.130426982418371,3.6144578313253013,0.15789473684210525,1.50483702297145,4.310191770556469,12.07991351708029,33.15340043405254,64.70490427328377,13.736269348869781,0.02256175,0.5362637983489473,54.014238398611305,4.578947368421052
tuned,4.0,167029,512,256,64,707831,BH,47516,42,53.27861499820595,50.602409638554214,0.08839127872716558,3.2380957033337183,7.846737136072844,22.748634102805884,44.911196101447665,101.04909514470296,16.992730412779853,0.250612,1.5417034969606238,11.306138117471143,12.705194039902349
tuned,4.0,167029,512,256,64,707831,LL,39768,38,44.59095801937567,45.78313253012048,0.09555421444377389,1.2603857855504503,5.002817961815675,14.678852604414825,45.63789095167676,92.37588685229473,15.875627848948223,0.0186353,0.8839963423938343,56.18938521515603,6.784349225507946
tuned,4.0,167029,512,256,64,707831,ALL,89184,83,100.0,100.0,0.09306602081090778,2.059981148189149,6.503262814262428,19.86822147206893,45.06859271239161,101.04909514470296,16.601965515400654,0.0780126,1.2270054171461473,21.428023935426534,9.891908862576248
tuned,4.0,167815,512,256,64,707831,BW,2012,11,2.231984380546681,12.64367816091954,0.5467196819085487,1.4203628491330456,4.27966214728534,11.775295819946521,33.52815204256213,88.27108426489819,19.51742186519657,0.02093255,0.4615541450352883,54.4225989456728,4.52286282306163
tuned,4.0,167815,512,256,64,707831,BH,48482,41,53.78283635072773,47.12643678160919,0.0845674683387649,3.2719935120813797,7.8715125057736754,22.88661412024647,44.75755646800858,80.51509225217876,15.13134776572843,0.247104,1.5564792584772078,11.238639288500988,12.707809083783673
tuned,4.0,167815,512,256,64,707831,LL,39650,35,43.985179268725595,40.229885057471265,0.08827238335435057,1.2546265882129293,5.03197500133629,14.736399586363207,46.84234166433201,94.3827402293273,15.768342542622905,0.019207500000000002,0.8606427993297856,53.825316419721055,6.738965952080707
tuned,4.0,167815,512,256,64,707831,ALL,90144,87,100.0,100.0,0.0965122470713525,2.0882928358721182,6.542367305070125,19.87213991416918,45.24542150206021,94.3827402293273,15.768342542622905,0.0811627,1.2259757869933552,21.020976783708456,9.899716009939652
tuned,8.0,100805,512,256,64,223499,BW,1620,9,2.3456504112127883,15.789473684210526,0.5555555555555556,1.5023650145543637,4.3911122974502454,12.922854379309717,33.64232917936002,45.70897322796254,13.853311499989696,0.02701835,0.49190022987901233,42.03136225548115,4.506172839506172
tuned,8.0,100805,512,256,64,223499,BH,37938,27,54.93165759295726,47.36842105263158,0.07116874901154516,3.1862187600815997,7.719143105545797,22.5217240031165,43.57373910220118,85.16624168835206,12.541520762028625,0.25096300000000005,1.526325662382598,11.164321394975474,12.335916495334494
tuned,8.0,100805,512,256,64,223499,LL,29506,21,42.722691995829955,36.8421052631579,0.07117196502406291,1.267423976418777,4.986028895342347,14.71601105866125,46.00292232092231,159.2787693468934,14.691290646273231,0.01818415,0.8860251852627602,55.91930189281474,6.720666982986511
tuned,8.0,100805,512,256,64,223499,ALL,69064,57,100.0,100.0,0.08253214409822773,2.0691662859522393,6.473419171290936,19.69804113784624,44.250204203834755,159.2787693468934,13.952999732201826,0.08185105000000001,1.22850805728365,20.52333869357281,9.753272327116877
tuned,8.0,105469,512,256,64,223499,BW,1546,4,2.2544330377974804,6.896551724137931,0.258732212160414,1.3613857763534127,4.2555946351614455,11.399682343723738,38.66231507314816,91.53295897675372,20.19741985138056,0.0191483,0.5321074747580854,64.54916155458577,4.463130659767141
tuned,8.0,105469,512,256,64,223499,BH,37156,20,54.18222118525431,34.48275862068966,0.05382710733125202,3.2039476517438743,7.683636867280075,22.084096630991713,43.67482751749084,81.51953914218534,16.357994271764237,0.2527145,1.5209721191860803,11.356809334488954,11.976531381203575
tuned,8.0,105469,512,256,64,223499,LL,29874,34,43.5633457769482,58.62068965517241,0.11381134096538796,1.258836657547819,5.006487047457554,14.416856910437573,47.878199393362316,484.3527317954374,20.570089399337085,0.0174889,0.9173832082239406,57.88256987011686,6.584320814085827
tuned,8.0,105469,512,256,64,223499,ALL,68576,58,100.0,100.0,0.08457769482034531,2.072596050853752,6.440097917673311,19.382408914007396,45.04731411133675,484.3527317954374,17.46664495822745,0.07989875,1.235735303589244,21.540900650024007,9.458119458702754
tuned,8.0,130471,512,256,64,223499,BW,1654,11,2.4342860506873105,16.923076923076923,0.6650544135429263,1.5073806836007622,4.833534538807831,14.44896766289357,35.22902628043955,52.49114787661474,14.294921637152854,0.02900645,0.5637434221209189,40.886182761776595,5.985489721886336
tuned,8.0,130471,512,256,64,223499,BH,37628,30,55.37927177464457,46.15384615384615,0.07972786223025406,3.143139815423749,7.649503812363545,22.19793280287776,43.58301259300974,83.47586571663525,14.440771597611569,0.234631,1.5388395702987403,11.652419442176265,12.076113532475816
tuned,8.0,130471,512,256,64,223499,LL,28664,24,42.186442174668116,36.92307692307692,0.08372871895060005,1.2465587167363066,4.899454216905199,14.287905200700793,46.16646244271258,97.06971934012094,12.366001569479167,0.01779685,0.841827992248465,57.79742834849899,6.44013396595032
tuned,8.0,130471,512,256,64,223499,ALL,67946,65,100.0,100.0,0.09566420392664764,2.090841285409307,6.420806982783007,19.478264664392285,44.47529068592439,97.06971934012094,13.978124690273992,0.0797118,1.221058554457937,21.391549162591097,9.550231065846408
tuned,8.0,135135,512,256,64,223499,BW,1576,4,2.3840498593168546,6.779661016949152,0.25380710659898476,1.4728756216510983,4.603124422535307,12.588623136331249,38.38614751916848,117.09060045795944,71.24098040913418,0.026479000000000003,0.6053212116370558,41.210449597469804,4.822335025380711
tuned,8.0,135135,512,256,64,223499,BH,36672,31,55.474540888875445,52.54237288135593,0.08453315881326352,3.2940243867798387,7.816201978351917,22.559397512610712,44.24781575549539,116.28330801353488,17.338752843573218,0.260969,1.549228986032259,10.878181235743188,12.404559336823736
tuned,8.0,135135,512,256,64,223499,LL,27858,24,42.1414092518077,40.67796610169491,0.08615119534783545,1.250847223176432,4.992621911122728,14.692480280753223,45.99008226939679,88.05508479178977,17.276978333784616,0.01782295,0.8619269879021108,58.652248975909814,6.741331035968125
tuned,8.0,135135,512,256,64,223499,ALL,66106,59,100.0,100.0,0.08925059752518683,2.147647424891216,6.54970417571921,19.78231859584313,44.6579518714815,117.09060045795944,17.355092773834464,0.0855402,1.2370870062368318,20.39065009251484,9.83723111366593
tuned,8.0,143455,512,256,64,223499,BW,1544,1,2.243403463907939,1.3157894736842106,0.06476683937823834,1.399520838222892,4.177757376131244,11.570608557128736,32.869508761578736,73.5199825322678,12.769861436930737,0.021927549999999997,0.5041026338413213,54.42891828555278,4.4689119170984455
tuned,8.0,143455,512,256,64,223499,BH,37656,34,54.713472044635594,44.73684210526316,0.09029105587422986,3.2775131406049707,7.812400152799588,22.5984789778788,44.35415878356683,85.39686231508983,14.908874067742671,0.2544955,1.5678263669091779,11.036389349714737,12.545145527937116
tuned,8.0,143455,512,256,64,223499,LL,29624,41,43.04312449145647,53.94736842105263,0.1384012962462868,1.254674413193285,4.961386505909452,14.388038119954652,46.42890708118479,93.01031748831075,16.95177017055553,0.0176845,0.9214617762923305,57.1769055983955,6.693896840399676
tuned,8.0,143455,512,256,64,223499,ALL,68824,76,100.0,100.0,0.11042659537370685,2.0878900658795256,6.503695097547797,19.77064683640858,44.89683574628249,93.01031748831075,15.93474668387948,0.08288175,1.26574723642722,20.775531004821435,9.845402766476811
tuned,8.0,145992,512,256,64,223499,BW,1620,10,2.3055903449846293,11.904761904761905,0.6172839506172839,1.437863168316163,4.691229449834325,13.67693248506607,35.33740433939429,79.88083656222587,16.247209517148317,0.025126950000000002,0.5255769126191359,51.6521991699388,5.555555555555555
tuned,8.0,145992,512,256,64,223499,BH,38794,41,55.21177274279859,48.80952380952381,0.10568644635768418,3.2021026322469086,7.694898214806255,22.182525719051746,43.87135956808197,81.44793072182189,14.361548628287707,0.2486875,1.5411568785546994,11.050686377099753,11.958034747641388
tuned,8.0,145992,512,256,64,223499,LL,29850,33,42.48263691221678,39.285714285714285,0.11055276381909548,1.2418690881013092,4.891077852071073,14.302418106850947,46.047481929480576,141.6299646286121,15.54254764184173,0.017019649999999997,0.871202580086968,55.907388258677585,6.623115577889448
tuned,8.0,145992,512,256,64,223499,ALL,70264,84,100.0,100.0,0.119549128999203,2.051437927229833,6.434509093394156,19.482109774996385,44.44183910838808,141.6299646286121,15.011014798405682,0.08173915,1.2331275128186554,20.84293139535503,9.54400546510304
tuned,8.0,153768,512,256,64,223499,BW,1648,4,2.446919079435783,5.714285714285714,0.24271844660194175,1.4661917652873522,4.411676482951154,12.925719271958371,33.9820125399678,51.36601274976959,21.996625158606705,0.0239411,0.6657610819975728,46.835009796496685,4.91504854368932
tuned,8.0,153768,512,256,64,223499,BH,37250,24,55.30809205642168,34.285714285714285,0.06442953020134229,3.2059278326890586,7.762546079747617,22.489514806503422,43.816545851182994,76.84892700954978,16.784862628546115,0.246804,1.5403389281839732,11.36807191031067,12.373154362416107
tuned,8.0,153768,512,256,64,223499,LL,28452,42,42.24498886414254,60.0,0.14761703922395614,1.2402408747726972,4.961040704989265,14.567724104242528,46.09011848399414,164.708360417575,14.450668639042531,0.0173612,0.8854158426875439,58.30496876989821,6.699001827639534
tuned,8.0,153768,512,256,64,223499,ALL,67350,70,100.0,100.0,0.10393466963622866,2.0789041085647098,6.49705737866157,19.704737051148875,44.54001347129289,164.708360417575,15.830443578251044,0.0833023,1.2422665314644543,21.19311622064823,9.793615441722347
tuned,8.0,159302,512,256,64,223499,BW,1618,5,2.379131866839195,11.363636363636363,0.30902348578491967,1.4721943917680667,4.395470180976089,13.750912407907844,34.565293960994985,45.557747834069204,22.385886171082696,0.0204775,0.5254799210741657,57.200637569975115,4.635352286773794
tuned,8.0,159302,512,256,64,223499,BH,37150,21,54.62592636160452,47.72727272727273,0.05652759084791386,3.2077314370621277,7.628142203917293,21.984832719173784,43.85479187481766,194.96422772580917,17.253466352775636,0.24421700000000002,1.5197400022860834,11.193767359492856,11.951547779273216
tuned,8.0,159302,512,256,64,223499,LL,29240,18,42.994941771556284,40.90909090909091,0.06155950752393981,1.244558137646128,4.9609591644402595,14.749523090890257,46.425890720409306,114.95311411528851,16.347652807297063,0.01779595,0.8473497838978112,55.65112505946453,6.723666210670315
tuned,8.0,159302,512,256,64,223499,ALL,68008,44,100.0,100.0,0.06469827079167156,2.07770148082498,6.404478878905127,19.378029427273713,44.633500772698255,194.96422772580917,17.525685407489412,0.082412,1.2069914609810317,21.425695461141085,9.529761204564169
tuned,8.0,167029,512,256,64,223499,BW,1560,10,2.2902780632469097,12.195121951219512,0.6410256410256411,1.593330605183162,4.773478833005746,14.697782633003417,33.180601244447416,90.99675094544565,16.348838299596977,0.0275876,0.5711262143288461,46.53266345181457,5.897435897435897
tuned,8.0,167029,512,256,64,223499,BH,37618,41,55.22800011745016,50.0,0.10899037694720612,3.220168354734908,7.660332160515575,22.05788883126914,43.991176516601314,106.62509296698981,16.121959547470453,0.2444645,1.5005620879935935,11.218822089754221,11.922483917273645
tuned,8.0,167029,512,256,64,223499,LL,28936,31,42.48172181930293,37.80487804878049,0.10713298313519491,1.2252267819026486,4.928128999191262,14.407777406585279,45.547050527673974,166.64561790461389,17.667126118454057,0.017672300000000002,0.856900123414501,57.7130885195916,6.548935581974012
tuned,8.0,167029,512,256,64,223499,ALL,68114,82,100.0,100.0,0.12038641101682473,2.0754948425014295,6.43352824550551,19.44935781682242,44.36267317467928,166.64561790461389,16.154619766724277,0.08282065,1.2058367368179523,21.031151326989793,9.501717708547435
tuned,8.0,167815,512,256,64,223499,BW,1502,7,2.2389839604078468,9.722222222222221,0.46604527296937415,1.5309456127299523,4.687212474732886,14.077769261154017,36.01639099643205,57.35244387185062,19.85292259577991,0.0197672,0.6227785688015979,51.6045478212731,5.725699067909454
tuned,8.0,167815,512,256,64,223499,BH,36622,29,54.59125872041023,40.27777777777778,0.07918737370979193,3.1695926331344455,7.77784867583849,22.60671804631143,44.21589037839118,75.90003872672736,13.874244464511904,0.2542495,1.5279394045967178,11.098207812484542,12.525258041614329
tuned,8.0,167815,512,256,64,223499,LL,28960,36,43.16975731918192,50.0,0.12430939226519337,1.2518094941152287,4.885742071168707,14.132239659866919,45.03426205182256,125.6184083307901,16.04168205862499,0.017621650000000003,0.8680670011446132,58.933650465330714,6.4779005524861875
tuned,8.0,167815,512,256,64,223499,ALL,67084,72,100.0,100.0,0.10732812593166775,2.063698975919008,6.4601344243732,19.702476775028384,44.37264071090592,125.6184083307901,15.208379778250732,0.0817033,1.222807683480845,21.37058060548828,9.762387454534613
tuned,20.0,100805,512,256,64,48411,BW,1164,3,2.4895200615963726,8.823529411764707,0.25773195876288657,1.5952089680578325,4.622428613409104,13.137628330791024,38.625764808551025,52.11652788782918,13.030592001590032,0.0296663,0.5450920027259449,46.71576697451552,4.553264604810996
tuned,20.0,100805,512,256,64,48411,BH,26630,14,56.955257079305326,41.1764705882353,0.05257228689447991,3.1416493507317336,7.578966697188212,21.947113654724465,43.737418877201435,80.50946605739904,20.325038763917416,0.247839,1.5055055418043184,11.169159129790037,11.727375140818626
tuned,20.0,100805,512,256,64,48411,LL,18962,17,40.5552228590983,50.0,0.08965299019090814,1.227015894936559,4.748499063713508,13.96299459902665,44.3327048846972,175.314745678494,13.03338511687184,0.016409899999999998,0.8576850497709629,59.332220230807664,6.196603733783356
tuned,20.0,100805,512,256,64,48411,ALL,46756,34,100.0,100.0,0.07271793994353666,2.079062755311728,6.357460631753482,19.08344920430242,43.74939805117889,175.314745678494,15.386839746964633,0.0838907,1.21887080980364,20.42867453821784,9.305757549833176
tuned,20.0,105469,512,256,64,48411,BW,1234,9,2.5959272972063276,19.565217391304348,0.7293354943273906,1.4802789072657732,4.752315709520178,14.710861461698995,36.48400669380106,62.68086693004181,15.627492764289299,0.030510950000000002,0.6595980701296597,43.277963191451505,5.753646677471637
tuned,20.0,105469,512,256,64,48411,BH,27406,14,57.65314708852238,30.434782608695652,0.051083704298328834,3.035594788269057,7.547652622414815,21.928865020225125,44.0805162304491,82.23841573541435,13.979778808863664,0.2426815,1.5211579184078672,11.219204903247055,11.760198496679559
tuned,20.0,105469,512,256,64,48411,LL,18896,23,39.75092561427129,50.0,0.12171888230313294,1.2054724458576156,4.716388912740532,13.595143294598106,44.14437628506308,80.99964409580035,12.33210447083868,0.0166381,0.8217732213119179,60.315121969346485,6.202370872142252
tuned,20.0,105469,512,256,64,48411,ALL,47536,46,100.0,100.0,0.09676876472568159,2.029569226444776,6.349634177267618,19.280670399575094,44.015606496222006,82.23841573541435,13.913978860950346,0.08435229999999999,1.2207805604244362,20.626627463550005,9.394984853584653
tuned,20.0,130471,512,256,64,48411,BW,1166,10,2.5478542085482037,24.390243902439025,0.8576329331046312,1.5177806558306493,4.458453873642049,12.821483379610775,34.49163840846749,60.907122363097606,17.59056740440097,0.021861949999999998,0.49948818856174954,59.41235343215255,4.888507718696398
tuned,20.0,130471,512,256,64,48411,BH,26244,20,57.34638580543659,48.78048780487805,0.07620789513793629,3.185753902014449,7.629864250391245,22.278668565374822,42.98798589140714,100.21817944830647,17.25856460418123,0.25210849999999996,1.5307945085155463,11.336509972908617,12.120865721688768
tuned,20.0,130471,512,256,64,48411,LL,18354,11,40.10575998601521,26.829268292682926,0.05993243979514003,1.2121314099786493,4.802865847506513,14.0924489705484,45.408230542124066,103.81000912360535,13.253211731837304,0.016581150000000003,0.8788867190180887,61.232057399000844,6.309251389342922
tuned,20.0,130471,512,256,64,48411,ALL,45764,41,100.0,100.0,0.08959007079800717,2.0957077463373546,6.415272143367472,19.519031482671586,43.53793558495994,103.81000912360535,14.436946403478956,0.0868106,1.2430657536535925,20.7008072548563,9.60580368848877
tuned,20.0,135135,512,256,64,48411,BW,1208,4,2.5287837554950805,10.256410256410257,0.33112582781456956,1.6688950228688626,4.556803294996127,13.101701491568951,34.016035803883064,50.38468999285359,27.72520884674396,0.02560915,0.5816221942731788,43.481981836642355,5.4635761589403975
tuned,20.0,135135,512,256,64,48411,BH,27010,24,56.54176261251832,61.53846153846154,0.08885597926693817,3.1967264046620127,7.690776638015522,22.22427522146532,44.634562507107894,81.1622031688315,13.713272027702127,0.251162,1.5763463022882267,11.013181765727946,12.069603850425768
tuned,20.0,135135,512,256,64,48411,LL,19552,11,40.929453631986604,28.205128205128204,0.05626022913256956,1.186913780733229,4.728711779889353,13.731886566382917,44.95585881497096,114.16900257169301,22.413734265320528,0.015631,0.9092284334193945,61.87811377115349,6.214198036006547
tuned,20.0,135135,512,256,64,48411,ALL,47770,39,100.0,100.0,0.0816411974042286,2.0505579283820774,6.399168266559581,19.411919163417313,44.63786755037854,114.16900257169301,18.030078920500436,0.0831878,1.2781441818233827,20.508044244534265,9.505966087502618
tuned,20.0,143455,512,256,64,48411,BW,1162,6,2.45013283852739,23.076923076923077,0.5163511187607573,1.51101882755092,4.630369282413191,13.354388822148795,36.994016352834635,67.33056078861536,17.107693251661992,0.0253608,0.6269020984371773,47.97559584110674,4.819277108433735
tuned,20.0,143455,512,256,64,48411,BH,27052,11,57.04044195167208,42.30769230769231,0.04066242791660506,3.1044606797868703,7.529283386228432,21.947128135198327,43.45718651143583,68.82824736340042,13.839088668672996,0.2499365,1.5170291057356573,11.241724997503422,11.932574301345557
tuned,20.0,143455,512,256,64,48411,LL,19212,9,40.50942520980053,34.61538461538461,0.046845721424109935,1.2109901005706616,4.841078335147242,13.971464234464568,46.17541418643008,167.35931457057225,13.559495862603917,0.01680335,0.9074858376638038,59.51513462285216,6.579221320008329
tuned,20.0,143455,512,256,64,48411,ALL,47426,26,100.0,100.0,0.054822249399063806,2.047954160963375,6.369279725156337,19.33138036762637,44.083995727732045,167.35931457057225,14.328982406128207,0.08577370000000001,1.2482973373242947,20.431026063692702,9.589676548728546
tuned,20.0,145992,512,256,64,48411,BW,1270,4,2.6502504173622703,11.764705882352942,0.31496062992125984,1.3707413235655659,4.488481142706196,12.89244743900955,34.37127071490355,65.01137392620043,40.991593082627126,0.02620215,0.5539753912251968,42.82221182126969,5.196850393700787
tuned,20.0,145992,512,256,64,48411,BH,27436,17,57.25375626043406,50.0,0.06196238518734509,3.093172680547984,7.494878977974432,21.760145694870562,43.55001411157359,87.95579353771113,17.263896560747227,0.23862250000000002,1.5008205077233197,11.40685523778684,11.583321183846042
tuned,20.0,145992,512,256,64,48411,LL,19214,13,40.095993322203675,38.23529411764706,0.06765899864682003,1.2130395896735273,4.783711981434758,13.774835874735606,44.94282086526688,91.38408223430574,12.34312328294332,0.0167367,0.8936847748894035,59.286680239645676,6.448423024877694
tuned,20.0,145992,512,256,64,48411,ALL,47920,34,100.0,100.0,0.0709515859766277,2.039095405533883,6.328132568911328,19.1823930535335,44.05104289161172,91.38408223430574,15.21018616878274,0.08383285,1.2322896381777548,20.635707335546435,9.35517529215359
tuned,20.0,153768,512,256,64,48411,BW,1312,4,2.843150002167035,10.81081081081081,0.3048780487804878,1.411488589894068,4.318014851219713,12.679133898121,31.598804075176187,55.65847190330954,13.659229455229223,0.0286997,0.5178993965899391,42.39148112397317,4.725609756097561
tuned,20.0,153768,512,256,64,48411,BH,26418,15,57.24873228448836,40.54054054054054,0.05677946854417443,3.2507570047931234,7.663614095930835,22.005089325423217,44.018719911803394,164.3653985371801,14.382524157216064,0.253129,1.5566081949689228,11.014411439286498,11.889620713150125
tuned,20.0,153768,512,256,64,48411,LL,18416,18,39.9081177133446,48.648648648648646,0.09774109470026064,1.198197441122473,4.811096466962815,13.706981827351827,45.881139727667595,87.76864269435627,11.866909691180796,0.01624225,0.8341563194513466,58.21442738813997,6.374891398783666
tuned,20.0,153768,512,256,64,48411,ALL,46146,37,100.0,100.0,0.08018029731721059,2.105945740060482,6.430107597769867,19.34518112643139,44.34711165973324,164.3653985371801,12.943110890817684,0.0872776,1.2387592008414814,20.38616812291192,9.48511246911975
tuned,20.0,159302,512,256,64,48411,BW,1128,1,2.4163489139282808,4.166666666666667,0.08865248226950355,1.3507420147096456,4.144053313172513,11.76394526604776,35.21232274718128,61.24921542614682,12.765751631827,0.02178155,0.4904930179760638,52.460857140066864,4.432624113475177
tuned,20.0,159302,512,256,64,48411,BH,26688,12,57.16978706996272,50.0,0.044964028776978415,3.076907985693639,7.592533374567506,22.153396249139064,43.57265586965645,110.68252224507366,15.877838207152841,0.24381999999999998,1.5087904057419814,11.523681713727749,12.050359712230216
tuned,20.0,159302,512,256,64,48411,LL,18866,11,40.413864016108995,45.833333333333336,0.058305947206615076,1.1736186231761843,4.796711132570512,13.720500798172802,45.9193923753391,154.391116180916,15.826426004858195,0.0154183,0.8810630461975512,60.37524202315514,6.514364465175449
tuned,20.0,159302,512,256,64,48411,ALL,46682,24,100.0,100.0,0.051411679019750654,2.0396668183373103,6.37930626504416,19.502581082548463,44.07105448748782,154.391116180916,15.158967414981925,0.08083915,1.230495906393942,21.15428049118518,9.6289790497408
tuned,20.0,167029,512,256,64,48411,BW,1148,3,2.4443214240088573,7.5,0.2613240418118467,1.548913525797314,4.755653561155609,13.007200746367653,38.4635644812818,99.1139173947456,18.687702068169965,0.0270179,0.6989029859442508,40.938586855719215,5.574912891986063
tuned,20.0,167029,512,256,64,48411,BH,27016,16,57.52246305838266,40.0,0.059224163458691144,3.1182237429021624,7.581879710953035,21.807666622727435,43.375574646364555,592.2363467844747,18.455978186933404,0.2536365,1.5111988022089502,11.18936058317943,11.744891915901688
tuned,20.0,167029,512,256,64,48411,LL,18802,21,40.03321551760848,52.5,0.11169024571854058,1.168722315036932,4.664621808384439,13.700844751076517,43.62804230620844,102.76996664899178,14.044482359424235,0.015578499999999999,0.8519009703386341,60.705332553874946,6.052547601319009
tuned,20.0,167029,512,256,64,48411,ALL,46966,40,100.0,100.0,0.08516799386790444,2.0530492161035503,6.344925516342845,19.12734956177323,43.45368169027406,592.2363467844747,17.16422719275082,0.08368785000000001,1.227405559610101,20.50524359003149,9.315249329302048
tuned,20.0,167815,512,256,64,48411,BW,1110,6,2.377892030848329,17.647058823529413,0.5405405405405406,1.4207147151508006,4.494318185197815,12.936832721366905,33.49456211089636,42.94530098541081,16.719035845474608,0.0228258,0.5476054620801801,49.06210938082278,5.315315315315315
tuned,20.0,167815,512,256,64,48411,BH,26758,19,57.32219365895458,55.88235294117647,0.07100680170416324,3.1474247481037025,7.706566956088241,22.438273597915302,44.579650537936494,149.13551122320806,18.73970225368801,0.245228,1.5481068107300995,11.365702908938555,12.220644293295463
tuned,20.0,167815,512,256,64,48411,LL,18812,9,40.29991431019709,26.470588235294116,0.04784180310440145,1.192362119821561,4.79086852373224,14.173699541830088,45.42453707553718,301.78712516097465,16.31184455430666,0.01525835,0.808604718547895,61.6068454192331,6.416117371890283
tuned,20.0,167815,512,256,64,48411,ALL,46680,34,100.0,100.0,0.0728363324764353,2.0339189316590875,6.455159178770986,19.65909740386339,44.523040472039845,301.78712516097465,17.96336111800137,0.0848343,1.2262972594204797,21.189648020577543,9.717223650385604
