eps_y_nm,dataset,channel,seeds,n_x,n_y,n_z,n_m,n_pairs,n_reach,reach_pct,frac_of_total_pct,reach_frac_of_total_pct,pt_median_MeV,pt_mean_MeV,pt_p90_MeV,pt_p99_MeV,pt_max_MeV,pt_median_reach_MeV,E_median_GeV,theta_median_mrad,frac_pt_gt_20MeV,n_pairs_sd,n_reach_sd,reach_pct_sd,frac_of_total_pct_sd,reach_frac_of_total_pct_sd,pt_median_MeV_sd,pt_mean_MeV_sd,pt_p90_MeV_sd,pt_p99_MeV_sd,pt_max_MeV_sd,pt_median_reach_MeV_sd,E_median_GeV_sd,theta_median_mrad_sd,frac_pt_gt_20MeV_sd
2.0,nominal,ALL,10,512,512,25,100000,104982.6,101.2,0.09654306590842,100.0,100.0,2.1514299670260875,6.74213964297752,20.508614195043016,46.651960546309795,208.03550369836026,15.531641303884177,0.08092907499999999,21.895998617478945,10.403834521978814,2972.3983657047793,9.138441393974745,0.0100397204552349,0.0,0.0,0.022294959338215174,0.029193694427962446,0.09085528663608491,0.301792609579067,92.68897770118878,0.9995121625759648,0.0017838606778324184,0.26095788685801397,0.07360717503282442
2.0,nominal,BH,10,512,512,25,100000,55841.2,42.8,0.07664923178037068,53.18880055388087,42.01854804504597,3.3648444652134346,8.072835985504206,23.43082681051323,45.718968961148875,152.0256602999474,15.729223923057342,0.25344285,11.486036687256506,13.216102042790492,1695.2013843002062,9.150591966279194,0.01625530911039269,0.2890110099901085,7.148721541670771,0.04116408592837223,0.03189012283774404,0.10574565684903649,0.29946084269354833,92.62635334627856,1.4681307651989153,0.003874144737515897,0.14964297705990864,0.11461768631433555
2.0,nominal,BW,10,512,512,25,100000,2397.0,11.1,0.46006440716556335,2.283734977936656,11.00149663091845,1.5323487433360596,4.748997834074665,13.509928339522057,36.39689502092793,135.85290917916848,16.145452994710528,0.026287880000000003,46.900291278881205,5.382137924587627,71.99537022151725,4.04007700696685,0.15860771231870724,0.05539369352374545,3.9893597126755433,0.06059482304000301,0.24118246728355416,0.5949811803514391,1.0109846844281039,101.99216181491805,3.1220296068863473,0.003510876972052551,3.015044731251786,0.37215543121894734
2.0,nominal,LL,10,512,512,25,100000,46744.4,47.3,0.10153094966204126,44.52746446818248,46.97995532403558,1.3103725891330775,5.254612317594696,15.520611226800984,48.649539203118806,129.85329511882296,15.445263271401789,0.01914569999999998,55.95981784246543,7.301990633387748,1296.7558838201667,9.695932709704163,0.022199246854176964,0.31986142686464253,10.056786534786044,0.0126169891555872,0.05433092860265179,0.24498023599167026,0.7380117327928933,43.6683794514633,1.5341460239776836,0.00047904046627955096,0.8139037437869707,0.1060312453003928
2.0,tuned,ALL,10,512,256,64,2235661,112719.2,113.8,0.10097363323265791,100.0,100.0,2.1177223066455406,6.647203076216144,20.247639292161278,46.10139721330681,203.41144205831202,15.202855705998047,0.07905637499999998,21.69671490171107,10.19425839940413,1323.0124547998623,15.788884979278585,0.01402606007181141,0.0,0.0,0.016559187377304822,0.028305753021867653,0.1188678624359785,0.4507881316598914,124.7619956352248,0.7647501755052996,0.0012300729789212774,0.21550393031763895,0.09659057079502557
2.0,tuned,BH,10,512,256,64,2235661,59020.0,47.8,0.08096648134629655,52.360711080303794,41.837088986958875,3.321423748647613,7.9566481531588575,23.086838872995862,45.075826876930776,157.37975775432264,15.625863070441659,0.2510838,11.373290327593296,12.92232888903944,704.292237324504,10.411532067856296,0.01742014017767044,0.2623031773376622,5.890407875210429,0.02610763901000732,0.0319289244650128,0.1657165396103293,0.28838122356420864,120.89033976033882,1.760312138276882,0.003815762296055641,0.1170565615641677,0.14476395536808442
2.0,tuned,BW,10,512,256,64,2235661,2534.8,10.9,0.43124628020727424,2.248809842902145,9.7070559959931,1.4975067854994186,4.597939806421618,13.093483470842475,35.61026542375373,95.48581909168482,20.398242305048075,0.024602869999999992,48.96892532990214,4.990926832954464,72.71374621685291,1.9692073983655902,0.08509012696561521,0.060261276489890755,1.9698985021714424,0.06946045463852313,0.21156119885676922,0.5702748424233441,2.2668695364291107,78.4781520413095,8.105176005306742,0.0024862829001454432,5.869443658406329,0.32452089034276443
2.0,tuned,LL,10,512,256,64,2235661,51164.4,55.1,0.10762457093582459,45.390479076794065,48.45585501704802,1.3094664388807398,5.238272869099143,15.543876643107613,48.14858650761113,127.9400309767514,15.039421916620245,0.019452509999999982,54.35730670936412,7.30496471793781,732.1619735793138,10.159286939107051,0.01935383726222432,0.293936598372063,6.45413919865959,0.008761753116279554,0.04549930363946452,0.2058766563075857,0.6161761828215251,60.957228158678284,1.1772020039758795,0.0003939570625221701,1.0585273622700944,0.12822496137191253
4.0,nominal,ALL,10,512,512,25,100000,87081.0,85.0,0.0975687913912378,100.0,100.0,2.123004734544653,6.618244336525007,20.093164187777063,45.54902577133841,136.99265878265285,15.842466464294628,0.08190684499999998,21.450158717349055,10.075337219980161,1738.54607199362,14.476033833738976,0.016352655236819856,0.0,0.0,0.02130785544993741,0.03643691445839669,0.1520371218796942,0.2945919645749256,52.17836896178546,1.2729840579241367,0.0017402886780726408,0.40416519162950104,0.12154241481080055
4.0,nominal,BH,10,512,512,25,100000,47204.2,37.8,0.08011478481659076,54.20583596340001,44.15939083776918,3.2998958138585506,7.921004128003242,22.931743684087927,44.74435309612876,127.09200861878205,15.673087223875433,0.2541449,11.370854428638701,12.77528669459018,1033.8379198135679,9.897249898611006,0.020951325841097566,0.2592538430803388,7.490605624947737,0.03715150338241396,0.056854041597142524,0.2295459578898492,0.3336654370211473,58.758100366227524,1.6971494700510166,0.005372374592921349,0.18327824036534388,0.20765392613192873
4.0,nominal,BW,10,512,512,25,100000,1980.2,8.6,0.4328768852705768,2.2735767423238036,10.128502937325374,1.5606390612997716,4.682772945065798,13.548023057638696,36.456005433666526,73.12047656821944,21.70953709321998,0.026123659999999983,45.89820216535933,5.28107900157895,88.6012289857075,3.2041639575194445,0.15522988477768973,0.07958942958607845,3.5105847002202064,0.04382621330412315,0.1181435414710418,0.5393963359025037,1.689042234612162,20.924584586029358,9.04290747214051,0.0014714892042493077,3.1909744979494383,0.3990837444196738
4.0,nominal,LL,10,512,512,25,100000,37896.6,38.6,0.10181861593735833,43.52058729427618,45.71210622490545,1.2823907624453135,5.096936074381015,15.024509232130645,47.4317293482815,100.05431238436692,15.562306422348621,0.01831340499999997,56.708970077866454,6.963408302673644,702.5838344599507,7.456540752922898,0.019412573139481,0.26355973463875965,7.221084076198437,0.013141874243316256,0.056189298741824135,0.22056820034474825,0.9733276456019949,10.013987585711432,1.1753232572627705,0.00028275574112455917,1.3334305927790848,0.14930848653547882
4.0,tuned,ALL,10,512,128,64,353910,84784.6,83.0,0.09797119556548715,100.0,100.0,2.0960893801468186,6.535434978731137,19.82037853834623,45.25474940706482,166.86850095496305,15.592432166090806,0.07869582999999997,21.675120127589558,9.854704597161756,1095.0819553297779,8.94427190999916,0.011223683136721757,0.0,0.0,0.02818338999221952,0.05135673575600112,0.20159377942928644,0.5157792396669307,60.730124738326225,2.020677955781186,0.0016894187026574939,0.3246356481725085,0.15625029876865065
4.0,tuned,BH,10,512,128,64,353910,45462.0,36.0,0.0792336480800965,53.620782913751896,43.32601653348199,3.2700622520274534,7.801675360027235,22.561282844129494,44.247085118956036,141.26823242736737,16.143596687603797,0.24581214999999998,11.450415592485069,12.437751438499873,639.9062431325387,7.2877370363584815,0.01624888235103715,0.3330079758830148,6.951274034274616,0.0469573825453801,0.06148947171704977,0.220876304061041,0.48905093266937166,68.28522938019319,2.5631641351215433,0.005395926334076281,0.1165976623204914,0.24308120592934535
4.0,tuned,BW,10,512,128,64,353910,1933.6,7.4,0.3850626476130971,2.281198210293651,9.061835026828089,1.4711558401789078,4.534003507398976,13.085450075327255,35.64392463143023,91.98118854617489,21.91375749243857,0.024782624999999992,47.33825921414591,4.826771995278373,63.93607919025236,2.836272984824353,0.15288336444043601,0.08895759825939464,3.6634915872956255,0.05127491751743992,0.15387442822030356,0.5891092243701501,2.9949952392225185,57.08896296109885,12.343103509656693,0.00302423128885213,5.054379991475876,0.5063843152820925
4.0,tuned,LL,10,512,128,64,353910,37389.0,39.6,0.10608022180230281,44.09801887595445,47.612148439689925,1.270992601981469,5.09929901297826,15.020376739237625,47.4761299120997,103.14457474040869,15.40074783825953,0.018372824999999978,56.45130265200932,6.974400530032094,612.6447221314771,6.703233050799691,0.01892119571353738,0.34845889059893453,5.150858804772708,0.022788050392495776,0.07088012797941766,0.24067909043392724,0.745292949838642,14.352746491225728,3.332502049287084,0.00045962528049731116,1.247029654050787,0.13542216630882434
8.0,nominal,ALL,10,512,512,25,100000,68956.0,62.7,0.09099675417317653,100.0,100.0,2.075637505829051,6.4790689031704165,19.637833573958943,44.70855886165664,243.53281020006457,15.316465666761506,0.081834885,21.183742412678622,9.712850967713514,814.0237506772545,6.9610024820822725,0.010674074918056987,0.0,0.0,0.02334020414520079,0.04350542698950825,0.15598072046787018,0.4000500035405422,292.19909876543807,1.4848154839288663,0.001738121876888006,0.2749576065866287,0.11680202393639505
8.0,nominal,BH,10,512,512,25,100000,38105.0,29.7,0.07799412787652024,55.2601998474272,47.4302101012311,3.227306854797354,7.766757295546722,22.461967511977267,44.20850507515989,205.37219900068303,15.350359749969716,0.25076175,11.24145935604291,12.332174894974397,469.25117652134526,5.100108931298538,0.013684536904276757,0.27964308240955194,6.340961273462152,0.04000519059840853,0.044947883543744176,0.15867013676998742,0.4497391688374167,300.6732297830579,1.4914565238057247,0.005161825410593077,0.12250553409640078,0.14314561778065246
8.0,nominal,BW,10,512,512,25,100000,1629.0,6.3,0.3898680051918549,2.3622886562078342,10.06823679177461,1.5111252749636563,4.614214785059631,13.44261274547292,35.19217288532677,75.49591121270664,18.877633290740892,0.02705844,45.84357894353647,5.16718196699491,62.767649133751846,2.7507574714370344,0.17610059067453657,0.08423789854138068,4.191192241761226,0.09924241620962689,0.14150884337383765,0.6393111536565126,1.7775307708559804,24.22788930826662,3.8361164081835875,0.004046320346094982,5.110852907252964,0.38880519877206554
8.0,nominal,LL,10,512,512,25,100000,29222.0,26.7,0.09143268853901812,42.37751149636496,42.501553106994294,1.2293928602452358,4.9038658563321675,14.329855401759584,46.17198725700859,132.67950937527863,14.984176973962724,0.01707955499999999,58.51329952739693,6.550521220698547,424.2326405798279,4.667856991049414,0.01633435463700111,0.32486363362560305,4.524041523594977,0.020367499834461532,0.04440313399318717,0.24615502036917355,0.6763635139840461,69.82081944670816,2.0375331495556237,0.000287952233162631,1.8150963427749174,0.119004570355275
8.0,tuned,ALL,10,512,128,64,250000,66949.0,64.6,0.09648123783317507,100.0,100.0,2.0605796701116117,6.39237665494335,19.380142110000932,44.20228073747456,127.75051328919938,15.774199547470683,0.07984522,21.242634641302832,9.50455556727077,759.7158825654633,10.905656024895215,0.016062682799280477,0.0,0.0,0.01126126654408399,0.043061928797487506,0.1507423280106572,0.3959633572863634,45.261015967761786,1.0205124342373026,0.001820591360001239,0.3013172967141642,0.10869925097901614
8.0,tuned,BH,10,512,128,64,250000,36452.4,28.7,0.07869097132014395,54.44894320690571,44.29605126791928,3.2188308765409808,7.664879909984377,22.15591220876019,43.46368080721117,111.2000432406376,16.17491761862214,0.2469589,11.231209935470522,12.072350495937242,371.03674570946,6.976946164173676,0.01882023542640458,0.19579889457834893,7.236116315321923,0.04417240090011845,0.056932072664880096,0.17739224638245107,0.40603039307619315,52.1673815326411,2.1774890748589,0.006898988975043952,0.23242509696851169,0.17625737737531716
8.0,tuned,BW,10,512,128,64,250000,1522.6,7.6,0.49872787910834643,2.2742264401276,11.532435904238882,1.5288844629212635,4.51003830543695,12.746100055646895,35.23967813481018,68.66425022816176,21.48229263561627,0.025388719999999983,48.847662133662844,4.786928190109254,35.3779592401823,3.8643671323171835,0.25391322151716217,0.043623461188468486,5.366220256081892,0.05774131624464037,0.11377136410547653,0.5151853730125501,1.3024551104113744,14.768060655585266,12.274689787285594,0.0032534117204695598,4.745134995849716,0.3054565345875971
8.0,tuned,LL,10,512,128,64,250000,28974.0,28.3,0.09770206685956762,43.276830352966684,44.17151282784184,1.2294827863437172,4.890374751015847,14.280198057495195,45.923847003056636,104.54711224362669,14.892508808214313,0.017461704999999987,57.181175506900765,6.522138781054809,404.6672158151133,7.008724721532601,0.02438025345404046,0.19442315582953743,10.077744108379083,0.018604494491578336,0.06996248624252716,0.29098896805979924,0.579153964984258,20.678796322520334,0.9615768547625957,0.0006842790615961531,1.243746991420839,0.14439570694642992
20.0,nominal,ALL,10,512,512,25,100000,47333.4,45.7,0.09648614675821399,100.0,100.0,2.0365600689255507,6.340994532907349,19.21939191312071,44.097133101263985,143.80843768595005,15.759232310066494,0.08461714499999999,20.69986247879899,9.371373926769937,579.3406597158529,6.464432603785802,0.013186504925096158,0.0,0.0,0.021163600622863966,0.02551826131614695,0.13317449308725995,0.42627052711533014,92.28343370570346,1.2807492755460517,0.0015631548349500457,0.3220224988647971,0.10811559916010395
20.0,nominal,BH,10,512,512,25,100000,26858.0,21.2,0.07896007152931817,56.742154239771786,46.54346738798314,3.1255594498611616,7.574473123378209,21.934099773825558,43.913916341877595,126.00148711249528,16.043320901380945,0.24939165000000002,11.092569122136599,11.830986016772076,353.6954119640852,4.157990967870047,0.015520778513765255,0.2748916077981655,7.2727821878376355,0.03676075226093571,0.0366022666147277,0.25073508293989166,0.4528551567417661,97.82038301063216,2.244087799645704,0.005474955738278729,0.21165997158948469,0.18121080020470692
20.0,nominal,BW,10,512,512,25,100000,1160.8,5.0,0.4351345320891652,2.4518801557681216,11.161056138959918,1.4498135878226812,4.473745397182794,12.574198660364686,35.7245418804251,96.67318437544716,18.66034069881769,0.02569424999999998,46.47943834564984,4.717839350876881,80.33928055440875,1.2472191289246473,0.11866332590192533,0.15867069892338945,3.250578859115062,0.11565751988842889,0.31500680726592944,0.7257162577307302,2.796237368723633,56.131785863520854,6.16440000757994,0.0050510719998608025,5.133189395953279,0.5495100508889285
20.0,nominal,LL,10,512,512,25,100000,19314.6,19.5,0.10080536051233782,40.8059656044601,42.29547647305694,1.1870249014439707,4.738262305264854,13.749164036313976,44.94518423663459,96.94357832330846,16.286452881430055,0.01637065499999999,59.490997384203375,6.231190643924944,269.44230468795234,5.296749527356901,0.02677051340679292,0.350263143080218,8.716163410776044,0.02057865102211777,0.041514183190122636,0.1870986834431798,1.128497286009079,14.191512036746055,2.050401231265429,0.0004934175161564531,1.2655375381044722,0.11866002217113397
20.0,tuned,ALL,10,512,128,64,80000,45806.2,41.4,0.090330104154269,100.0,100.0,2.0525005646329575,6.3784131025874045,19.05119039623733,44.079873499069514,1391.4012051847283,15.9337605996674,0.08348350499999999,20.66477688767445,9.255767862072526,398.7764063008526,10.793001847905376,0.023286207496585314,0.0,0.0,0.01842610166430312,0.19621850370502159,0.1362559888879203,0.520461717720347,3989.2341603915047,1.7155779395303086,0.0013097611275958252,0.448474401646316,0.10644556216768229
20.0,tuned,BH,10,512,128,64,80000,25971.4,21.9,0.08430852866555812,56.69874387344985,53.84007884876862,3.1438498556022205,7.609309458397908,21.66382448889097,43.35575175237493,1347.9763495893626,17.119712593853713,0.24492395,11.138405811989674,11.563912732523908,283.25575408492966,5.8395205282625735,0.022293283771342598,0.41887427389656556,10.79069772854408,0.05224123535672697,0.334092716657491,0.24370677974426516,0.6405610726639973,4003.326296588976,2.0822616767703432,0.004856546523622639,0.21267402605432212,0.19506877397447725
20.0,tuned,BW,10,512,128,64,80000,1099.6,4.6,0.41495322168072246,2.400232978700301,11.073344615233811,1.5614344441736656,4.549059810851311,12.678902368183394,34.96046653157219,98.01534387220254,17.269031927902798,0.02428683999999998,50.47869881022154,4.602540713403447,55.64810069635001,2.6331223544175333,0.2310349930364467,0.11242171695585305,5.654314404216189,0.13882681990314233,0.4190912400688742,0.8991325188862633,3.4951947326691175,109.48550818171398,6.461983116726386,0.003853416007388793,7.580038302590491,0.895654454714071
20.0,tuned,LL,10,512,128,64,80000,18735.2,14.9,0.0794605433419919,40.901023147849855,35.086576535997565,1.199830754716902,4.778153593807762,13.860391216051752,45.60004417547296,90.28344051505452,14.839117021609585,0.01652676999999999,59.509985168674135,6.327792308259843,259.3396743012272,6.488451279003334,0.03470163540111864,0.4414452155907637,10.40491928792167,0.01628404185024384,0.047293717148865655,0.24940680504283202,0.779396975291703,8.357227705505421,1.6465641379345097,0.000705968526682804,1.967907993661165,0.1045332422301489
