filename,source_dir,seed,emitx_nm,emity_nm,n_reach,n_total
512_512_25_test_C3_250_particles_0.624_emittx_0.1_emitty_0.0005_betax_12.0_betay_0.12_sigmaz_100_offsety_0_seed_100805.ref,output,100805,100.0,0.5,2256,2079706
512_512_25_test_C3_250_particles_0.624_emittx_0.1_emitty_0.0005_betax_12.0_betay_0.12_sigmaz_100_offsety_0_seed_105469.ref,output,105469,100.0,0.5,1820,1904700
512_512_25_test_C3_250_particles_0.624_emittx_0.1_emitty_0.0005_betax_12.0_betay_0.12_sigmaz_100_offsety_0_seed_130471.ref,output,130471,100.0,0.5,2776,2294647
512_512_25_test_C3_250_particles_0.624_emittx_0.1_emitty_0.0005_betax_12.0_betay_0.12_sigmaz_100_offsety_0_seed_135135.ref,output,135135,100.0,0.5,2207,2268400
512_512_25_test_C3_250_particles_0.624_emittx_0.1_emitty_0.0005_betax_12.0_betay_0.12_sigmaz_100_offsety_0_seed_143455.ref,output,143455,100.0,0.5,1777,1834160
512_512_25_test_C3_250_particles_0.624_emittx_0.1_emitty_0.0005_betax_12.0_betay_0.12_sigmaz_100_offsety_0_seed_145992.ref,output,145992,100.0,0.5,2219,2250046
512_512_25_test_C3_250_particles_0.624_emittx_0.1_emitty_0.0005_betax_12.0_betay_0.12_sigmaz_100_offsety_0_seed_153768.ref,output,153768,100.0,0.5,2047,2134398
512_512_25_test_C3_250_particles_0.624_emittx_0.1_emitty_0.0005_betax_12.0_betay_0.12_sigmaz_100_offsety_0_seed_159302.ref,output,159302,100.0,0.5,2047,2134398
512_512_25_test_C3_250_particles_0.624_emittx_0.1_emitty_0.0005_betax_12.0_betay_0.12_sigmaz_100_offsety_0_seed_167029.ref,output,167029,100.0,0.5,2121,1835389
512_512_25_test_C3_250_particles_0.624_emittx_0.1_emitty_0.0005_betax_12.0_betay_0.12_sigmaz_100_offsety_0_seed_167815.ref,output,167815,100.0,0.5,1996,2022950
512_512_25_test_C3_250_particles_0.624_emittx_0.1_emitty_0.0005_betax_12.0_betay_0.12_sigmaz_100_offsety_0_seed_286038.ref,output,286038,100.0,0.5,1890,1925940
512_512_25_test_C3_250_particles_0.624_emittx_0.1_emitty_0.001_betax_12.0_betay_0.12_sigmaz_100_offsety_0_seed_100805.ref,output,100805,100.0,1.0,2017,2046832
512_512_25_test_C3_250_particles_0.624_emittx_0.1_emitty_0.001_betax_12.0_betay_0.12_sigmaz_100_offsety_0_seed_135135.ref,output,135135,100.0,1.0,1796,1902620
512_512_25_test_C3_250_particles_0.624_emittx_0.1_emitty_0.001_betax_12.0_betay_0.12_sigmaz_100_offsety_0_seed_143455.ref,output,143455,100.0,1.0,1965,1992320
512_512_25_test_C3_250_particles_0.624_emittx_0.1_emitty_0.001_betax_12.0_betay_0.12_sigmaz_100_offsety_0_seed_145992.ref,output,145992,100.0,1.0,2142,2181576
512_512_25_test_C3_250_particles_0.624_emittx_0.1_emitty_0.001_betax_12.0_betay_0.12_sigmaz_100_offsety_0_seed_153768.ref,output,153768,100.0,1.0,2333,2007439
512_512_25_test_C3_250_particles_0.624_emittx_0.1_emitty_0.001_betax_12.0_betay_0.12_sigmaz_100_offsety_0_seed_167815.ref,output,167815,100.0,1.0,1920,1934048
512_512_25_test_C3_250_particles_0.624_emittx_0.1_emitty_0.001_betax_12.0_betay_0.12_sigmaz_100_offsety_0_seed_286038.ref,output,286038,100.0,1.0,2019,2039692
512_512_25_test_C3_250_particles_0.624_emittx_0.1_emitty_0.001_betax_12.0_betay_0.12_sigmaz_100_offsety_0_seed_479728.ref,output,479728,100.0,1.0,1696,1790802
512_512_25_test_C3_250_particles_0.624_emittx_0.1_emitty_0.0015_betax_12.0_betay_0.12_sigmaz_100_offsety_0_seed_100805.ref,output,100805,100.0,1.5,1508,1640252
512_512_25_test_C3_250_particles_0.624_emittx_0.1_emitty_0.0015_betax_12.0_betay_0.12_sigmaz_100_offsety_0_seed_105469.ref,output,105469,100.0,1.5,1771,1862144
512_512_25_test_C3_250_particles_0.624_emittx_0.1_emitty_0.0015_betax_12.0_betay_0.12_sigmaz_100_offsety_0_seed_130471.ref,output,130471,100.0,1.5,1733,1813424
512_512_25_test_C3_250_particles_0.624_emittx_0.1_emitty_0.0015_betax_12.0_betay_0.12_sigmaz_100_offsety_0_seed_135135.ref,output,135135,100.0,1.5,1731,1855930
512_512_25_test_C3_250_particles_0.624_emittx_0.1_emitty_0.0015_betax_12.0_betay_0.12_sigmaz_100_offsety_0_seed_143455.ref,output,143455,100.0,1.5,1789,1839864
512_512_25_test_C3_250_particles_0.624_emittx_0.1_emitty_0.0015_betax_12.0_betay_0.12_sigmaz_100_offsety_0_seed_153768.ref,output,153768,100.0,1.5,1656,1784092
512_512_25_test_C3_250_particles_0.624_emittx_0.1_emitty_0.0015_betax_12.0_betay_0.12_sigmaz_100_offsety_0_seed_159302.ref,output,159302,100.0,1.5,1544,1612210
512_512_25_test_C3_250_particles_0.624_emittx_0.1_emitty_0.0015_betax_12.0_betay_0.12_sigmaz_100_offsety_0_seed_167815.ref,output,167815,100.0,1.5,1874,1883004
512_512_25_test_C3_250_particles_0.624_emittx_0.1_emitty_0.0015_betax_12.0_betay_0.12_sigmaz_100_offsety_0_seed_286038.ref,output,286038,100.0,1.5,1753,1719595
512_512_25_test_C3_250_particles_0.624_emittx_0.1_emitty_0.0015_betax_12.0_betay_0.12_sigmaz_100_offsety_0_seed_479728.ref,output,479728,100.0,1.5,1785,1816018
512_512_25_test_C3_250_particles_0.624_emittx_0.1_emitty_0.0015_betax_12.0_betay_0.12_sigmaz_100_offsety_0_seed_527875.ref,output,527875,100.0,1.5,1667,1762256
512_512_25_test_C3_250_particles_0.624_emittx_0.1_emitty_0.002_betax_12.0_betay_0.12_sigmaz_100_offsety_0_seed_100805.ref,output,100805,100.0,2.0,1451,1506974
512_512_25_test_C3_250_particles_0.624_emittx_0.1_emitty_0.002_betax_12.0_betay_0.12_sigmaz_100_offsety_0_seed_130471.ref,output,130471,100.0,2.0,1548,1653964
512_512_25_test_C3_250_particles_0.624_emittx_0.1_emitty_0.002_betax_12.0_betay_0.12_sigmaz_100_offsety_0_seed_135135.ref,output,135135,100.0,2.0,1786,1817294
512_512_25_test_C3_250_particles_0.624_emittx_0.1_emitty_0.002_betax_12.0_betay_0.12_sigmaz_100_offsety_0_seed_143455.ref,output,143455,100.0,2.0,1780,1773288
512_512_25_test_C3_250_particles_0.624_emittx_0.1_emitty_0.002_betax_12.0_betay_0.12_sigmaz_100_offsety_0_seed_145992.ref,output,145992,100.0,2.0,1541,1620621
512_512_25_test_C3_250_particles_0.624_emittx_0.1_emitty_0.002_betax_12.0_betay_0.12_sigmaz_100_offsety_0_seed_153768.ref,output,153768,100.0,2.0,1749,1669114
512_512_25_test_C3_250_particles_0.624_emittx_0.1_emitty_0.002_betax_12.0_betay_0.12_sigmaz_100_offsety_0_seed_167029.ref,output,167029,100.0,2.0,1774,1781122
512_512_25_test_C3_250_particles_0.624_emittx_0.1_emitty_0.002_betax_12.0_betay_0.12_sigmaz_100_offsety_0_seed_167815.ref,output,167815,100.0,2.0,1652,1669462
512_512_25_test_C3_250_particles_0.624_emittx_0.1_emitty_0.002_betax_12.0_betay_0.12_sigmaz_100_offsety_0_seed_286038.ref,output,286038,100.0,2.0,1591,1640612
512_512_25_test_C3_250_particles_0.624_emittx_0.1_emitty_0.002_betax_12.0_betay_0.12_sigmaz_100_offsety_0_seed_479728.ref,output,479728,100.0,2.0,1664,1701830
512_512_25_test_C3_250_particles_0.624_emittx_0.1_emitty_0.0025_betax_12.0_betay_0.12_sigmaz_100_offsety_0_seed_100805.ref,output,100805,100.0,2.5,1419,1415204
512_512_25_test_C3_250_particles_0.624_emittx_0.1_emitty_0.0025_betax_12.0_betay_0.12_sigmaz_100_offsety_0_seed_105469.ref,output,105469,100.0,2.5,1731,1719418
512_512_25_test_C3_250_particles_0.624_emittx_0.1_emitty_0.0025_betax_12.0_betay_0.12_sigmaz_100_offsety_0_seed_135135.ref,output,135135,100.0,2.5,1607,1755018
512_512_25_test_C3_250_particles_0.624_emittx_0.1_emitty_0.0025_betax_12.0_betay_0.12_sigmaz_100_offsety_0_seed_145992.ref,output,145992,100.0,2.5,1678,1659868
512_512_25_test_C3_250_particles_0.624_emittx_0.1_emitty_0.0025_betax_12.0_betay_0.12_sigmaz_100_offsety_0_seed_153768.ref,output,153768,100.0,2.5,1743,1720658
512_512_25_test_C3_250_particles_0.624_emittx_0.1_emitty_0.0025_betax_12.0_betay_0.12_sigmaz_100_offsety_0_seed_159302.ref,output,159302,100.0,2.5,1663,1664482
512_512_25_test_C3_250_particles_0.624_emittx_0.1_emitty_0.0025_betax_12.0_betay_0.12_sigmaz_100_offsety_0_seed_167029.ref,output,167029,100.0,2.5,1492,1521208
512_512_25_test_C3_250_particles_0.624_emittx_0.1_emitty_0.0025_betax_12.0_betay_0.12_sigmaz_100_offsety_0_seed_167815.ref,output,167815,100.0,2.5,1439,1556872
512_512_25_test_C3_250_particles_0.624_emittx_0.1_emitty_0.0025_betax_12.0_betay_0.12_sigmaz_100_offsety_0_seed_286038.ref,output,286038,100.0,2.5,1577,1642330
512_512_25_test_C3_250_particles_0.624_emittx_0.1_emitty_0.0025_betax_12.0_betay_0.12_sigmaz_100_offsety_0_seed_360177.ref,output,360177,100.0,2.5,1404,1448428
512_512_25_test_C3_250_particles_0.624_emittx_0.1_emitty_0.0025_betax_12.0_betay_0.12_sigmaz_100_offsety_0_seed_479728.ref,output,479728,100.0,2.5,1541,1640330
512_512_25_test_C3_250_particles_0.624_emittx_0.1_emitty_0.0025_betax_12.0_betay_0.12_sigmaz_100_offsety_0_seed_527875.ref,output,527875,100.0,2.5,1427,1505944
512_512_25_test_C3_250_particles_0.624_emittx_0.1_emitty_0.004_betax_12.0_betay_0.12_sigmaz_100_offsety_0_seed_100805.ref,output,100805,100.0,4.0,1446,1457944
512_512_25_test_C3_250_particles_0.624_emittx_0.1_emitty_0.004_betax_12.0_betay_0.12_sigmaz_100_offsety_0_seed_105469.ref,output,105469,100.0,4.0,1515,1561768
512_512_25_test_C3_250_particles_0.624_emittx_0.1_emitty_0.004_betax_12.0_betay_0.12_sigmaz_100_offsety_0_seed_135135.ref,output,135135,100.0,4.0,1552,1602188
512_512_25_test_C3_250_particles_0.624_emittx_0.1_emitty_0.004_betax_12.0_betay_0.12_sigmaz_100_offsety_0_seed_143455.ref,output,143455,100.0,4.0,1467,1527310
512_512_25_test_C3_250_particles_0.624_emittx_0.1_emitty_0.004_betax_12.0_betay_0.12_sigmaz_100_offsety_0_seed_145992.ref,output,145992,100.0,4.0,1562,1587654
512_512_25_test_C3_250_particles_0.624_emittx_0.1_emitty_0.004_betax_12.0_betay_0.12_sigmaz_100_offsety_0_seed_153768.ref,output,153768,100.0,4.0,1521,1586888
512_512_25_test_C3_250_particles_0.624_emittx_0.1_emitty_0.004_betax_12.0_betay_0.12_sigmaz_100_offsety_0_seed_159302.ref,output,159302,100.0,4.0,1392,1436788
512_512_25_test_C3_250_particles_0.624_emittx_0.1_emitty_0.004_betax_12.0_betay_0.12_sigmaz_100_offsety_0_seed_167029.ref,output,167029,100.0,4.0,1383,1510718
512_512_25_test_C3_250_particles_0.624_emittx_0.1_emitty_0.004_betax_12.0_betay_0.12_sigmaz_100_offsety_0_seed_167815.ref,output,167815,100.0,4.0,1378,1435422
512_512_25_test_C3_250_particles_0.624_emittx_0.1_emitty_0.004_betax_12.0_betay_0.12_sigmaz_100_offsety_0_seed_286038.ref,output,286038,100.0,4.0,1582,1602497
512_512_25_test_C3_250_particles_0.624_emittx_0.1_emitty_0.004_betax_12.0_betay_0.12_sigmaz_100_offsety_0_seed_360177.ref,output,360177,100.0,4.0,1258,1374814
512_512_25_test_C3_250_particles_0.624_emittx_0.1_emitty_0.004_betax_12.0_betay_0.12_sigmaz_100_offsety_0_seed_479728.ref,output,479728,100.0,4.0,1385,1431110
512_512_25_test_C3_250_particles_0.624_emittx_0.1_emitty_0.004_betax_12.0_betay_0.12_sigmaz_100_offsety_0_seed_527875.ref,output,527875,100.0,4.0,1257,1379354
512_512_25_test_C3_250_particles_0.624_emittx_0.1_emitty_0.005_betax_12.0_betay_0.12_sigmaz_100_offsety_0_seed_145992.ref,output,145992,100.0,5.0,1471,1554056
512_512_25_test_C3_250_particles_0.624_emittx_0.1_emitty_0.005_betax_12.0_betay_0.12_sigmaz_100_offsety_0_seed_153768.ref,output,153768,100.0,5.0,1411,1463678
512_512_25_test_C3_250_particles_0.624_emittx_0.1_emitty_0.005_betax_12.0_betay_0.12_sigmaz_100_offsety_0_seed_159302.ref,output,159302,100.0,5.0,1321,1393452
512_512_25_test_C3_250_particles_0.624_emittx_0.1_emitty_0.005_betax_12.0_betay_0.12_sigmaz_100_offsety_0_seed_167029.ref,output,167029,100.0,5.0,1358,1463356
512_512_25_test_C3_250_particles_0.624_emittx_0.1_emitty_0.005_betax_12.0_betay_0.12_sigmaz_100_offsety_0_seed_167815.ref,output,167815,100.0,5.0,1369,1391482
512_512_25_test_C3_250_particles_0.624_emittx_0.1_emitty_0.005_betax_12.0_betay_0.12_sigmaz_100_offsety_0_seed_286038.ref,output,286038,100.0,5.0,1445,1532844
512_512_25_test_C3_250_particles_0.624_emittx_0.1_emitty_0.005_betax_12.0_betay_0.12_sigmaz_100_offsety_0_seed_360177.ref,output,360177,100.0,5.0,1243,1317628
512_512_25_test_C3_250_particles_0.624_emittx_0.1_emitty_0.005_betax_12.0_betay_0.12_sigmaz_100_offsety_0_seed_479728.ref,output,479728,100.0,5.0,1283,1408248
512_512_25_test_C3_250_particles_0.624_emittx_0.1_emitty_0.005_betax_12.0_betay_0.12_sigmaz_100_offsety_0_seed_527875.ref,output,527875,100.0,5.0,1224,1372458
512_512_25_test_C3_250_particles_0.624_emittx_0.1_emitty_0.005_betax_12.0_betay_0.12_sigmaz_100_offsety_0_seed_733579.ref,output,733579,100.0,5.0,1438,1472056
512_512_25_test_C3_250_particles_0.624_emittx_0.1_emitty_0.006_betax_12.0_betay_0.12_sigmaz_100_offsety_0_seed_100805.ref,output,100805,100.0,6.0,1377,1389220
512_512_25_test_C3_250_particles_0.624_emittx_0.1_emitty_0.006_betax_12.0_betay_0.12_sigmaz_100_offsety_0_seed_105469.ref,output,105469,100.0,6.0,1303,1400840
512_512_25_test_C3_250_particles_0.624_emittx_0.1_emitty_0.006_betax_12.0_betay_0.12_sigmaz_100_offsety_0_seed_130471.ref,output,130471,100.0,6.0,1358,1428190
512_512_25_test_C3_250_particles_0.624_emittx_0.1_emitty_0.006_betax_12.0_betay_0.12_sigmaz_100_offsety_0_seed_135135.ref,output,135135,100.0,6.0,1486,1474670
512_512_25_test_C3_250_particles_0.624_emittx_0.1_emitty_0.006_betax_12.0_betay_0.12_sigmaz_100_offsety_0_seed_143455.ref,output,143455,100.0,6.0,1365,1436594
512_512_25_test_C3_250_particles_0.624_emittx_0.1_emitty_0.006_betax_12.0_betay_0.12_sigmaz_100_offsety_0_seed_145992.ref,output,145992,100.0,6.0,1475,1496080
512_512_25_test_C3_250_particles_0.624_emittx_0.1_emitty_0.006_betax_12.0_betay_0.12_sigmaz_100_offsety_0_seed_153768.ref,output,153768,100.0,6.0,1341,1414124
512_512_25_test_C3_250_particles_0.624_emittx_0.1_emitty_0.006_betax_12.0_betay_0.12_sigmaz_100_offsety_0_seed_159302.ref,output,159302,100.0,6.0,1316,1343076
512_512_25_test_C3_250_particles_0.624_emittx_0.1_emitty_0.006_betax_12.0_betay_0.12_sigmaz_100_offsety_0_seed_167029.ref,output,167029,100.0,6.0,1318,1390070
512_512_25_test_C3_250_particles_0.624_emittx_0.1_emitty_0.006_betax_12.0_betay_0.12_sigmaz_100_offsety_0_seed_167815.ref,output,167815,100.0,6.0,1325,1355228
512_512_25_test_C3_250_particles_0.624_emittx_0.1_emitty_0.006_betax_12.0_betay_0.12_sigmaz_100_offsety_0_seed_286038.ref,output,286038,100.0,6.0,1335,1414694
512_512_25_test_C3_250_particles_0.624_emittx_0.1_emitty_0.006_betax_12.0_betay_0.12_sigmaz_100_offsety_0_seed_360177.ref,output,360177,100.0,6.0,1183,1269390
512_512_25_test_C3_250_particles_0.624_emittx_0.1_emitty_0.006_betax_12.0_betay_0.12_sigmaz_100_offsety_0_seed_479728.ref,output,479728,100.0,6.0,1294,1379848
512_512_25_test_C3_250_particles_0.624_emittx_0.1_emitty_0.006_betax_12.0_betay_0.12_sigmaz_100_offsety_0_seed_527875.ref,output,527875,100.0,6.0,1210,1325582
512_512_25_test_C3_250_particles_0.624_emittx_0.1_emitty_0.008_betax_12.0_betay_0.12_sigmaz_100_offsety_0_seed_100805.ref,output,100805,100.0,8.0,1295,1311970
512_512_25_test_C3_250_particles_0.624_emittx_0.1_emitty_0.008_betax_12.0_betay_0.12_sigmaz_100_offsety_0_seed_105469.ref,output,105469,100.0,8.0,1301,1330498
512_512_25_test_C3_250_particles_0.624_emittx_0.1_emitty_0.008_betax_12.0_betay_0.12_sigmaz_100_offsety_0_seed_130471.ref,output,130471,100.0,8.0,1331,1349720
512_512_25_test_C3_250_particles_0.624_emittx_0.1_emitty_0.008_betax_12.0_betay_0.12_sigmaz_100_offsety_0_seed_135135.ref,output,135135,100.0,8.0,1267,1349594
512_512_25_test_C3_250_particles_0.624_emittx_0.1_emitty_0.008_betax_12.0_betay_0.12_sigmaz_100_offsety_0_seed_143455.ref,output,143455,100.0,8.0,1190,1298880
512_512_25_test_C3_250_particles_0.624_emittx_0.1_emitty_0.008_betax_12.0_betay_0.12_sigmaz_100_offsety_0_seed_145992.ref,output,145992,100.0,8.0,1283,1366508
512_512_25_test_C3_250_particles_0.624_emittx_0.1_emitty_0.008_betax_12.0_betay_0.12_sigmaz_100_offsety_0_seed_153768.ref,output,153768,100.0,8.0,1283,1312198
512_512_25_test_C3_250_particles_0.624_emittx_0.1_emitty_0.008_betax_12.0_betay_0.12_sigmaz_100_offsety_0_seed_159302.ref,output,159302,100.0,8.0,1208,1289866
512_512_25_test_C3_250_particles_0.624_emittx_0.1_emitty_0.008_betax_12.0_betay_0.12_sigmaz_100_offsety_0_seed_167029.ref,output,167029,100.0,8.0,1304,1293545
512_512_25_test_C3_250_particles_0.624_emittx_0.1_emitty_0.008_betax_12.0_betay_0.12_sigmaz_100_offsety_0_seed_167815.ref,output,167815,100.0,8.0,1166,1262082
512_512_25_test_C3_250_particles_0.624_emittx_0.1_emitty_0.008_betax_12.0_betay_0.12_sigmaz_100_offsety_0_seed_286038.ref,output,286038,100.0,8.0,1297,1291514
512_512_25_test_C3_250_particles_0.624_emittx_0.1_emitty_0.008_betax_12.0_betay_0.12_sigmaz_100_offsety_0_seed_360177.ref,output,360177,100.0,8.0,1152,1213286
512_512_25_test_C3_250_particles_0.624_emittx_0.1_emitty_0.008_betax_12.0_betay_0.12_sigmaz_100_offsety_0_seed_479728.ref,output,479728,100.0,8.0,1297,1291514
512_512_25_test_C3_250_particles_0.624_emittx_0.1_emitty_0.008_betax_12.0_betay_0.12_sigmaz_100_offsety_0_seed_527875.ref,output,527875,100.0,8.0,1126,1239974
512_512_25_test_C3_250_particles_0.624_emittx_0.1_emitty_0.020_betax_12.0_betay_0.12_sigmaz_100_offsety_0_seed_100805.ref,output,100805,100.0,20.0,969,985984
512_512_25_test_C3_250_particles_0.624_emittx_0.1_emitty_0.020_betax_12.0_betay_0.12_sigmaz_100_offsety_0_seed_105469.ref,output,105469,100.0,20.0,964,996590
512_512_25_test_C3_250_particles_0.624_emittx_0.1_emitty_0.020_betax_12.0_betay_0.12_sigmaz_100_offsety_0_seed_130471.ref,output,130471,100.0,20.0,930,988068
512_512_25_test_C3_250_particles_0.624_emittx_0.1_emitty_0.020_betax_12.0_betay_0.12_sigmaz_100_offsety_0_seed_135135.ref,output,135135,100.0,20.0,1004,1005776
512_512_25_test_C3_250_particles_0.624_emittx_0.1_emitty_0.020_betax_12.0_betay_0.12_sigmaz_100_offsety_0_seed_143455.ref,output,143455,100.0,20.0,903,987492
512_512_25_test_C3_250_particles_0.624_emittx_0.1_emitty_0.020_betax_12.0_betay_0.12_sigmaz_100_offsety_0_seed_145992.ref,output,145992,100.0,20.0,853,997924
512_512_25_test_C3_250_particles_0.624_emittx_0.1_emitty_0.020_betax_12.0_betay_0.12_sigmaz_100_offsety_0_seed_153768.ref,output,153768,100.0,20.0,887,986708
512_512_25_test_C3_250_particles_0.624_emittx_0.1_emitty_0.020_betax_12.0_betay_0.12_sigmaz_100_offsety_0_seed_159302.ref,output,159302,100.0,20.0,865,964522
512_512_25_test_C3_250_particles_0.624_emittx_0.1_emitty_0.020_betax_12.0_betay_0.12_sigmaz_100_offsety_0_seed_167029.ref,output,167029,100.0,20.0,961,1010788
512_512_25_test_C3_250_particles_0.624_emittx_0.1_emitty_0.020_betax_12.0_betay_0.12_sigmaz_100_offsety_0_seed_167815.ref,output,167815,100.0,20.0,911,1020190
512_512_25_test_C3_250_particles_0.624_emittx_0.1_emitty_0.020_betax_12.0_betay_0.12_sigmaz_100_offsety_0_seed_286038.ref,output,286038,100.0,20.0,988,1004320
512_512_25_test_C3_250_particles_0.624_emittx_0.1_emitty_0.020_betax_12.0_betay_0.12_sigmaz_100_offsety_0_seed_479728.ref,output,479728,100.0,20.0,913,955844
512_512_25_test_C3_250_particles_0.624_emittx_0.1_emitty_0.020_betax_12.0_betay_0.12_sigmaz_100_offsety_0_seed_527875.ref,output,527875,100.0,20.0,890,977612
512_512_25_test_C3_250_particles_0.624_emittx_0.1_emitty_0.020_betax_12.0_betay_0.12_sigmaz_100_offsety_0_seed_733579.ref,output,733579,100.0,20.0,967,1025618
512_512_25_test_C3_250_particles_0.624_emittx_0.2_emitty_0.0005_betax_12.0_betay_0.12_sigmaz_100_offsety_0_seed_100805.ref,output,100805,200.0,0.5,905,901374
512_512_25_test_C3_250_particles_0.624_emittx_0.2_emitty_0.0005_betax_12.0_betay_0.12_sigmaz_100_offsety_0_seed_105469.ref,output,105469,200.0,0.5,904,1039794
512_512_25_test_C3_250_particles_0.624_emittx_0.2_emitty_0.0005_betax_12.0_betay_0.12_sigmaz_100_offsety_0_seed_130471.ref,output,130471,200.0,0.5,1101,1061618
512_512_25_test_C3_250_particles_0.624_emittx_0.2_emitty_0.0005_betax_12.0_betay_0.12_sigmaz_100_offsety_0_seed_135135.ref,output,135135,200.0,0.5,1070,1146332
512_512_25_test_C3_250_particles_0.624_emittx_0.2_emitty_0.0005_betax_12.0_betay_0.12_sigmaz_100_offsety_0_seed_143455.ref,output,143455,200.0,0.5,982,1095712
512_512_25_test_C3_250_particles_0.624_emittx_0.2_emitty_0.0005_betax_12.0_betay_0.12_sigmaz_100_offsety_0_seed_145992.ref,output,145992,200.0,0.5,1064,1085484
512_512_25_test_C3_250_particles_0.624_emittx_0.2_emitty_0.0005_betax_12.0_betay_0.12_sigmaz_100_offsety_0_seed_153768.ref,output,153768,200.0,0.5,1055,1152488
512_512_25_test_C3_250_particles_0.624_emittx_0.2_emitty_0.0005_betax_12.0_betay_0.12_sigmaz_100_offsety_0_seed_159302.ref,output,159302,200.0,0.5,934,972144
512_512_25_test_C3_250_particles_0.624_emittx_0.2_emitty_0.0005_betax_12.0_betay_0.12_sigmaz_100_offsety_0_seed_167029.ref,output,167029,200.0,0.5,893,964108
512_512_25_test_C3_250_particles_0.624_emittx_0.2_emitty_0.0005_betax_12.0_betay_0.12_sigmaz_100_offsety_0_seed_167815.ref,output,167815,200.0,0.5,1015,1060324
512_512_25_test_C3_250_particles_0.624_emittx_0.2_emitty_0.0005_betax_12.0_betay_0.12_sigmaz_100_offsety_0_seed_238461.ref,output,238461,200.0,0.5,959,1024512
512_512_25_test_C3_250_particles_0.624_emittx_0.2_emitty_0.0005_betax_12.0_betay_0.12_sigmaz_100_offsety_0_seed_286038.ref,output,286038,200.0,0.5,938,1027150
512_512_25_test_C3_250_particles_0.624_emittx_0.2_emitty_0.001_betax_12.0_betay_0.12_sigmaz_100_offsety_0_seed_100805.ref,output,100805,200.0,1.0,650,730480
512_512_25_test_C3_250_particles_0.624_emittx_0.2_emitty_0.001_betax_12.0_betay_0.12_sigmaz_100_offsety_0_seed_105469.ref,output,105469,200.0,1.0,903,983618
512_512_25_test_C3_250_particles_0.624_emittx_0.2_emitty_0.001_betax_12.0_betay_0.12_sigmaz_100_offsety_0_seed_130471.ref,output,130471,200.0,1.0,878,835799
512_512_25_test_C3_250_particles_0.624_emittx_0.2_emitty_0.001_betax_12.0_betay_0.12_sigmaz_100_offsety_0_seed_135135.ref,output,135135,200.0,1.0,786,842720
512_512_25_test_C3_250_particles_0.624_emittx_0.2_emitty_0.001_betax_12.0_betay_0.12_sigmaz_100_offsety_0_seed_143455.ref,output,143455,200.0,1.0,790,825958
512_512_25_test_C3_250_particles_0.624_emittx_0.2_emitty_0.001_betax_12.0_betay_0.12_sigmaz_100_offsety_0_seed_145992.ref,output,145992,200.0,1.0,834,909222
512_512_25_test_C3_250_particles_0.624_emittx_0.2_emitty_0.001_betax_12.0_betay_0.12_sigmaz_100_offsety_0_seed_153768.ref,output,153768,200.0,1.0,1002,1016684
512_512_25_test_C3_250_particles_0.624_emittx_0.2_emitty_0.001_betax_12.0_betay_0.12_sigmaz_100_offsety_0_seed_159302.ref,output,159302,200.0,1.0,728,770314
512_512_25_test_C3_250_particles_0.624_emittx_0.2_emitty_0.001_betax_12.0_betay_0.12_sigmaz_100_offsety_0_seed_167029.ref,output,167029,200.0,1.0,933,1017356
512_512_25_test_C3_250_particles_0.624_emittx_0.2_emitty_0.001_betax_12.0_betay_0.12_sigmaz_100_offsety_0_seed_167815.ref,output,167815,200.0,1.0,751,811318
512_512_25_test_C3_250_particles_0.624_emittx_0.2_emitty_0.001_betax_12.0_betay_0.12_sigmaz_100_offsety_0_seed_238461.ref,output,238461,200.0,1.0,828,846108
512_512_25_test_C3_250_particles_0.624_emittx_0.2_emitty_0.001_betax_12.0_betay_0.12_sigmaz_100_offsety_0_seed_286038.ref,output,286038,200.0,1.0,762,787602
512_512_25_test_C3_250_particles_0.624_emittx_0.2_emitty_0.0015_betax_12.0_betay_0.12_sigmaz_100_offsety_0_seed_100805.ref,output,100805,200.0,1.5,582,622538
512_512_25_test_C3_250_particles_0.624_emittx_0.2_emitty_0.0015_betax_12.0_betay_0.12_sigmaz_100_offsety_0_seed_105469.ref,output,105469,200.0,1.5,752,857776
512_512_25_test_C3_250_particles_0.624_emittx_0.2_emitty_0.0015_betax_12.0_betay_0.12_sigmaz_100_offsety_0_seed_130471.ref,output,130471,200.0,1.5,701,725088
512_512_25_test_C3_250_particles_0.624_emittx_0.2_emitty_0.0015_betax_12.0_betay_0.12_sigmaz_100_offsety_0_seed_135135.ref,output,135135,200.0,1.5,713,770882
512_512_25_test_C3_250_particles_0.624_emittx_0.2_emitty_0.0015_betax_12.0_betay_0.12_sigmaz_100_offsety_0_seed_143455.ref,output,143455,200.0,1.5,649,709698
512_512_25_test_C3_250_particles_0.624_emittx_0.2_emitty_0.0015_betax_12.0_betay_0.12_sigmaz_100_offsety_0_seed_145992.ref,output,145992,200.0,1.5,729,795196
512_512_25_test_C3_250_particles_0.624_emittx_0.2_emitty_0.0015_betax_12.0_betay_0.12_sigmaz_100_offsety_0_seed_153768.ref,output,153768,200.0,1.5,771,868900
512_512_25_test_C3_250_particles_0.624_emittx_0.2_emitty_0.0015_betax_12.0_betay_0.12_sigmaz_100_offsety_0_seed_159302.ref,output,159302,200.0,1.5,561,591404
512_512_25_test_C3_250_particles_0.624_emittx_0.2_emitty_0.0015_betax_12.0_betay_0.12_sigmaz_100_offsety_0_seed_167029.ref,output,167029,200.0,1.5,771,763450
512_512_25_test_C3_250_particles_0.624_emittx_0.2_emitty_0.0015_betax_12.0_betay_0.12_sigmaz_100_offsety_0_seed_167815.ref,output,167815,200.0,1.5,673,683782
512_512_25_test_C3_250_particles_0.624_emittx_0.2_emitty_0.0015_betax_12.0_betay_0.12_sigmaz_100_offsety_0_seed_238461.ref,output,238461,200.0,1.5,712,729978
512_512_25_test_C3_250_particles_0.624_emittx_0.2_emitty_0.0015_betax_12.0_betay_0.12_sigmaz_100_offsety_0_seed_286038.ref,output,286038,200.0,1.5,658,669706
512_512_25_test_C3_250_particles_0.624_emittx_0.2_emitty_0.0015_betax_12.0_betay_0.12_sigmaz_100_offsety_0_seed_360177.ref,output,360177,200.0,1.5,630,658646
512_512_25_test_C3_250_particles_0.624_emittx_0.2_emitty_0.002_betax_12.0_betay_0.12_sigmaz_100_offsety_0_seed_100805.ref,output,100805,200.0,2.0,548,556038
512_512_25_test_C3_250_particles_0.624_emittx_0.2_emitty_0.002_betax_12.0_betay_0.12_sigmaz_100_offsety_0_seed_105469.ref,output,105469,200.0,2.0,765,774828
512_512_25_test_C3_250_particles_0.624_emittx_0.2_emitty_0.002_betax_12.0_betay_0.12_sigmaz_100_offsety_0_seed_130471.ref,output,130471,200.0,2.0,620,684608
512_512_25_test_C3_250_particles_0.624_emittx_0.2_emitty_0.002_betax_12.0_betay_0.12_sigmaz_100_offsety_0_seed_135135.ref,output,135135,200.0,2.0,667,721952
512_512_25_test_C3_250_particles_0.624_emittx_0.2_emitty_0.002_betax_12.0_betay_0.12_sigmaz_100_offsety_0_seed_143455.ref,output,143455,200.0,2.0,592,631696
512_512_25_test_C3_250_particles_0.624_emittx_0.2_emitty_0.002_betax_12.0_betay_0.12_sigmaz_100_offsety_0_seed_145992.ref,output,145992,200.0,2.0,647,698892
512_512_25_test_C3_250_particles_0.624_emittx_0.2_emitty_0.002_betax_12.0_betay_0.12_sigmaz_100_offsety_0_seed_153768.ref,output,153768,200.0,2.0,706,742472
512_512_25_test_C3_250_particles_0.624_emittx_0.2_emitty_0.002_betax_12.0_betay_0.12_sigmaz_100_offsety_0_seed_159302.ref,output,159302,200.0,2.0,505,517196
512_512_25_test_C3_250_particles_0.624_emittx_0.2_emitty_0.002_betax_12.0_betay_0.12_sigmaz_100_offsety_0_seed_167029.ref,output,167029,200.0,2.0,503,614494
512_512_25_test_C3_250_particles_0.624_emittx_0.2_emitty_0.002_betax_12.0_betay_0.12_sigmaz_100_offsety_0_seed_167815.ref,output,167815,200.0,2.0,579,636140
512_512_25_test_C3_250_particles_0.624_emittx_0.2_emitty_0.002_betax_12.0_betay_0.12_sigmaz_100_offsety_0_seed_286038.ref,output,286038,200.0,2.0,537,617842
512_512_25_test_C3_250_particles_0.624_emittx_0.2_emitty_0.002_betax_12.0_betay_0.12_sigmaz_100_offsety_0_seed_360177.ref,output,360177,200.0,2.0,494,577262
512_512_25_test_C3_250_particles_0.624_emittx_0.2_emitty_0.002_betax_12.0_betay_0.12_sigmaz_100_offsety_0_seed_394826.ref,output,394826,200.0,2.0,593,617422
512_512_25_test_C3_250_particles_0.624_emittx_0.2_emitty_0.002_betax_12.0_betay_0.12_sigmaz_100_offsety_0_seed_479728.ref,output,479728,200.0,2.0,559,594698
512_512_25_test_C3_250_particles_0.624_emittx_0.2_emitty_0.0025_betax_12.0_betay_0.12_sigmaz_100_offsety_0_seed_100805.ref,output,100805,200.0,2.5,453,535694
512_512_25_test_C3_250_particles_0.624_emittx_0.2_emitty_0.0025_betax_12.0_betay_0.12_sigmaz_100_offsety_0_seed_105469.ref,output,105469,200.0,2.5,843,706868
512_512_25_test_C3_250_particles_0.624_emittx_0.2_emitty_0.0025_betax_12.0_betay_0.12_sigmaz_100_offsety_0_seed_130471.ref,output,130471,200.0,2.5,595,642878
512_512_25_test_C3_250_particles_0.624_emittx_0.2_emitty_0.0025_betax_12.0_betay_0.12_sigmaz_100_offsety_0_seed_135135.ref,output,135135,200.0,2.5,623,684580
512_512_25_test_C3_250_particles_0.624_emittx_0.2_emitty_0.0025_betax_12.0_betay_0.12_sigmaz_100_offsety_0_seed_143455.ref,output,143455,200.0,2.5,512,569588
512_512_25_test_C3_250_particles_0.624_emittx_0.2_emitty_0.0025_betax_12.0_betay_0.12_sigmaz_100_offsety_0_seed_145992.ref,output,145992,200.0,2.5,669,691344
512_512_25_test_C3_250_particles_0.624_emittx_0.2_emitty_0.0025_betax_12.0_betay_0.12_sigmaz_100_offsety_0_seed_153768.ref,output,153768,200.0,2.5,640,720854
512_512_25_test_C3_250_particles_0.624_emittx_0.2_emitty_0.0025_betax_12.0_betay_0.12_sigmaz_100_offsety_0_seed_159302.ref,output,159302,200.0,2.5,461,512010
512_512_25_test_C3_250_particles_0.624_emittx_0.2_emitty_0.0025_betax_12.0_betay_0.12_sigmaz_100_offsety_0_seed_167029.ref,output,167029,200.0,2.5,540,573266
512_512_25_test_C3_250_particles_0.624_emittx_0.2_emitty_0.0025_betax_12.0_betay_0.12_sigmaz_100_offsety_0_seed_167815.ref,output,167815,200.0,2.5,520,601798
512_512_25_test_C3_250_particles_0.624_emittx_0.2_emitty_0.0025_betax_12.0_betay_0.12_sigmaz_100_offsety_0_seed_238461.ref,output,238461,200.0,2.5,586,579394
512_512_25_test_C3_250_particles_0.624_emittx_0.2_emitty_0.0025_betax_12.0_betay_0.12_sigmaz_100_offsety_0_seed_286038.ref,output,286038,200.0,2.5,570,591000
512_512_25_test_C3_250_particles_0.624_emittx_0.2_emitty_0.0025_betax_12.0_betay_0.12_sigmaz_100_offsety_0_seed_360177.ref,output,360177,200.0,2.5,457,543882
512_512_25_test_C3_250_particles_0.624_emittx_0.2_emitty_0.0025_betax_12.0_betay_0.12_sigmaz_100_offsety_0_seed_394826.ref,output,394826,200.0,2.5,546,577140
512_512_25_test_C3_250_particles_0.624_emittx_0.2_emitty_0.0025_betax_12.0_betay_0.12_sigmaz_100_offsety_0_seed_479728.ref,output,479728,200.0,2.5,490,561894
512_512_25_test_C3_250_particles_0.624_emittx_0.2_emitty_0.004_betax_12.0_betay_0.12_sigmaz_100_offsety_0_seed_100805.ref,output,100805,200.0,4.0,520,540360
512_512_25_test_C3_250_particles_0.624_emittx_0.2_emitty_0.004_betax_12.0_betay_0.12_sigmaz_100_offsety_0_seed_105469.ref,output,105469,200.0,4.0,591,622790
512_512_25_test_C3_250_particles_0.624_emittx_0.2_emitty_0.004_betax_12.0_betay_0.12_sigmaz_100_offsety_0_seed_130471.ref,output,130471,200.0,4.0,529,581190
512_512_25_test_C3_250_particles_0.624_emittx_0.2_emitty_0.004_betax_12.0_betay_0.12_sigmaz_100_offsety_0_seed_135135.ref,output,135135,200.0,4.0,609,613052
512_512_25_test_C3_250_particles_0.624_emittx_0.2_emitty_0.004_betax_12.0_betay_0.12_sigmaz_100_offsety_0_seed_143455.ref,output,143455,200.0,4.0,468,494832
512_512_25_test_C3_250_particles_0.624_emittx_0.2_emitty_0.004_betax_12.0_betay_0.12_sigmaz_100_offsety_0_seed_145992.ref,output,145992,200.0,4.0,615,631812
512_512_25_test_C3_250_particles_0.624_emittx_0.2_emitty_0.004_betax_12.0_betay_0.12_sigmaz_100_offsety_0_seed_153768.ref,output,153768,200.0,4.0,557,601854
512_512_25_test_C3_250_particles_0.624_emittx_0.2_emitty_0.004_betax_12.0_betay_0.12_sigmaz_100_offsety_0_seed_159302.ref,output,159302,200.0,4.0,433,486016
512_512_25_test_C3_250_particles_0.624_emittx_0.2_emitty_0.004_betax_12.0_betay_0.12_sigmaz_100_offsety_0_seed_167029.ref,output,167029,200.0,4.0,469,558580
512_512_25_test_C3_250_particles_0.624_emittx_0.2_emitty_0.004_betax_12.0_betay_0.12_sigmaz_100_offsety_0_seed_167815.ref,output,167815,200.0,4.0,542,565474
512_512_25_test_C3_250_particles_0.624_emittx_0.2_emitty_0.004_betax_12.0_betay_0.12_sigmaz_100_offsety_0_seed_238461.ref,output,238461,200.0,4.0,456,488564
512_512_25_test_C3_250_particles_0.624_emittx_0.2_emitty_0.004_betax_12.0_betay_0.12_sigmaz_100_offsety_0_seed_286038.ref,output,286038,200.0,4.0,549,582686
512_512_25_test_C3_250_particles_0.624_emittx_0.2_emitty_0.004_betax_12.0_betay_0.12_sigmaz_100_offsety_0_seed_360177.ref,output,360177,200.0,4.0,474,526350
512_512_25_test_C3_250_particles_0.624_emittx_0.2_emitty_0.004_betax_12.0_betay_0.12_sigmaz_100_offsety_0_seed_394826.ref,output,394826,200.0,4.0,521,532004
512_512_25_test_C3_250_particles_0.624_emittx_0.2_emitty_0.004_betax_12.0_betay_0.12_sigmaz_100_offsety_0_seed_479728.ref,output,479728,200.0,4.0,456,497586
512_512_25_test_C3_250_particles_0.624_emittx_0.2_emitty_0.006_betax_12.0_betay_0.12_sigmaz_100_offsety_0_seed_100805.ref,output,100805,200.0,6.0,496,557868
512_512_25_test_C3_250_particles_0.624_emittx_0.2_emitty_0.006_betax_12.0_betay_0.12_sigmaz_100_offsety_0_seed_105469.ref,output,105469,200.0,6.0,518,577070
512_512_25_test_C3_250_particles_0.624_emittx_0.2_emitty_0.006_betax_12.0_betay_0.12_sigmaz_100_offsety_0_seed_130471.ref,output,130471,200.0,6.0,533,533564
512_512_25_test_C3_250_particles_0.624_emittx_0.2_emitty_0.006_betax_12.0_betay_0.12_sigmaz_100_offsety_0_seed_135135.ref,output,135135,200.0,6.0,501,572672
512_512_25_test_C3_250_particles_0.624_emittx_0.2_emitty_0.006_betax_12.0_betay_0.12_sigmaz_100_offsety_0_seed_143455.ref,output,143455,200.0,6.0,436,479066
512_512_25_test_C3_250_particles_0.624_emittx_0.2_emitty_0.006_betax_12.0_betay_0.12_sigmaz_100_offsety_0_seed_145992.ref,output,145992,200.0,6.0,520,602620
512_512_25_test_C3_250_particles_0.624_emittx_0.2_emitty_0.006_betax_12.0_betay_0.12_sigmaz_100_offsety_0_seed_153768.ref,output,153768,200.0,6.0,487,536236
512_512_25_test_C3_250_particles_0.624_emittx_0.2_emitty_0.006_betax_12.0_betay_0.12_sigmaz_100_offsety_0_seed_159302.ref,output,159302,200.0,6.0,448,481886
512_512_25_test_C3_250_particles_0.624_emittx_0.2_emitty_0.006_betax_12.0_betay_0.12_sigmaz_100_offsety_0_seed_167029.ref,output,167029,200.0,6.0,489,550734
512_512_25_test_C3_250_particles_0.624_emittx_0.2_emitty_0.006_betax_12.0_betay_0.12_sigmaz_100_offsety_0_seed_167815.ref,output,167815,200.0,6.0,508,538312
512_512_25_test_C3_250_particles_0.624_emittx_0.2_emitty_0.006_betax_12.0_betay_0.12_sigmaz_100_offsety_0_seed_238461.ref,output,238461,200.0,6.0,395,474566
512_512_25_test_C3_250_particles_0.624_emittx_0.2_emitty_0.006_betax_12.0_betay_0.12_sigmaz_100_offsety_0_seed_286038.ref,output,286038,200.0,6.0,511,573566
512_512_25_test_C3_250_particles_0.624_emittx_0.2_emitty_0.006_betax_12.0_betay_0.12_sigmaz_100_offsety_0_seed_360177.ref,output,360177,200.0,6.0,451,511104
512_512_25_test_C3_250_particles_0.624_emittx_0.2_emitty_0.006_betax_12.0_betay_0.12_sigmaz_100_offsety_0_seed_394826.ref,output,394826,200.0,6.0,495,535164
512_512_25_test_C3_250_particles_0.624_emittx_0.2_emitty_0.006_betax_12.0_betay_0.12_sigmaz_100_offsety_0_seed_479728.ref,output,479728,200.0,6.0,358,467294
512_512_25_test_C3_250_particles_0.624_emittx_0.2_emitty_0.008_betax_12.0_betay_0.12_sigmaz_100_offsety_0_seed_100805.ref,output,100805,200.0,8.0,516,548284
512_512_25_test_C3_250_particles_0.624_emittx_0.2_emitty_0.008_betax_12.0_betay_0.12_sigmaz_100_offsety_0_seed_105469.ref,output,105469,200.0,8.0,477,551212
512_512_25_test_C3_250_particles_0.624_emittx_0.2_emitty_0.008_betax_12.0_betay_0.12_sigmaz_100_offsety_0_seed_130471.ref,output,130471,200.0,8.0,481,515136
512_512_25_test_C3_250_particles_0.624_emittx_0.2_emitty_0.008_betax_12.0_betay_0.12_sigmaz_100_offsety_0_seed_135135.ref,output,135135,200.0,8.0,497,543896
512_512_25_test_C3_250_particles_0.624_emittx_0.2_emitty_0.008_betax_12.0_betay_0.12_sigmaz_100_offsety_0_seed_143455.ref,output,143455,200.0,8.0,450,479270
512_512_25_test_C3_250_particles_0.624_emittx_0.2_emitty_0.008_betax_12.0_betay_0.12_sigmaz_100_offsety_0_seed_145992.ref,output,145992,200.0,8.0,482,581612
512_512_25_test_C3_250_particles_0.624_emittx_0.2_emitty_0.008_betax_12.0_betay_0.12_sigmaz_100_offsety_0_seed_153768.ref,output,153768,200.0,8.0,498,507060
512_512_25_test_C3_250_particles_0.624_emittx_0.2_emitty_0.008_betax_12.0_betay_0.12_sigmaz_100_offsety_0_seed_159302.ref,output,159302,200.0,8.0,465,483226
512_512_25_test_C3_250_particles_0.624_emittx_0.2_emitty_0.008_betax_12.0_betay_0.12_sigmaz_100_offsety_0_seed_167029.ref,output,167029,200.0,8.0,479,542082
512_512_25_test_C3_250_particles_0.624_emittx_0.2_emitty_0.008_betax_12.0_betay_0.12_sigmaz_100_offsety_0_seed_167815.ref,output,167815,200.0,8.0,437,508326
512_512_25_test_C3_250_particles_0.624_emittx_0.2_emitty_0.008_betax_12.0_betay_0.12_sigmaz_100_offsety_0_seed_286038.ref,output,286038,200.0,8.0,482,548398
512_512_25_test_C3_250_particles_0.624_emittx_0.2_emitty_0.008_betax_12.0_betay_0.12_sigmaz_100_offsety_0_seed_360177.ref,output,360177,200.0,8.0,458,492218
512_512_25_test_C3_250_particles_0.624_emittx_0.2_emitty_0.008_betax_12.0_betay_0.12_sigmaz_100_offsety_0_seed_479728.ref,output,479728,200.0,8.0,395,449180
512_512_25_test_C3_250_particles_0.624_emittx_0.2_emitty_0.008_betax_12.0_betay_0.12_sigmaz_100_offsety_0_seed_527875.ref,output,527875,200.0,8.0,368,416376
512_512_25_test_C3_250_particles_0.624_emittx_0.2_emitty_0.020_betax_12.0_betay_0.12_sigmaz_100_offsety_0_seed_100805.ref,output,100805,200.0,20.0,351,425112
512_512_25_test_C3_250_particles_0.624_emittx_0.2_emitty_0.020_betax_12.0_betay_0.12_sigmaz_100_offsety_0_seed_105469.ref,output,105469,200.0,20.0,351,414114
512_512_25_test_C3_250_particles_0.624_emittx_0.2_emitty_0.020_betax_12.0_betay_0.12_sigmaz_100_offsety_0_seed_130471.ref,output,130471,200.0,20.0,395,421702
512_512_25_test_C3_250_particles_0.624_emittx_0.2_emitty_0.020_betax_12.0_betay_0.12_sigmaz_100_offsety_0_seed_135135.ref,output,135135,200.0,20.0,350,423446
512_512_25_test_C3_250_particles_0.624_emittx_0.2_emitty_0.020_betax_12.0_betay_0.12_sigmaz_100_offsety_0_seed_143455.ref,output,143455,200.0,20.0,389,414496
512_512_25_test_C3_250_particles_0.624_emittx_0.2_emitty_0.020_betax_12.0_betay_0.12_sigmaz_100_offsety_0_seed_145992.ref,output,145992,200.0,20.0,373,432742
512_512_25_test_C3_250_particles_0.624_emittx_0.2_emitty_0.020_betax_12.0_betay_0.12_sigmaz_100_offsety_0_seed_153768.ref,output,153768,200.0,20.0,378,412266
512_512_25_test_C3_250_particles_0.624_emittx_0.2_emitty_0.020_betax_12.0_betay_0.12_sigmaz_100_offsety_0_seed_159302.ref,output,159302,200.0,20.0,399,415462
512_512_25_test_C3_250_particles_0.624_emittx_0.2_emitty_0.020_betax_12.0_betay_0.12_sigmaz_100_offsety_0_seed_167029.ref,output,167029,200.0,20.0,416,438502
512_512_25_test_C3_250_particles_0.624_emittx_0.2_emitty_0.020_betax_12.0_betay_0.12_sigmaz_100_offsety_0_seed_167815.ref,output,167815,200.0,20.0,317,416604
512_512_25_test_C3_250_particles_0.624_emittx_0.2_emitty_0.020_betax_12.0_betay_0.12_sigmaz_100_offsety_0_seed_286038.ref,output,286038,200.0,20.0,352,430520
512_512_25_test_C3_250_particles_0.624_emittx_0.2_emitty_0.020_betax_12.0_betay_0.12_sigmaz_100_offsety_0_seed_360177.ref,output,360177,200.0,20.0,357,412020
512_512_25_test_C3_250_particles_0.624_emittx_0.2_emitty_0.020_betax_12.0_betay_0.12_sigmaz_100_offsety_0_seed_479728.ref,output,479728,200.0,20.0,321,406964
512_512_25_test_C3_250_particles_0.624_emittx_0.2_emitty_0.020_betax_12.0_betay_0.12_sigmaz_100_offsety_0_seed_527875.ref,output,527875,200.0,20.0,400,421254
512_512_25_test_C3_250_particles_0.624_emittx_0.2_emitty_0.020_betax_12.0_betay_0.12_sigmaz_100_offsety_0_seed_733579.ref,output,733579,200.0,20.0,365,433028
512_512_25_test_C3_250_particles_0.624_emittx_0.3_emitty_0.0005_betax_12.0_betay_0.12_sigmaz_100_offsety_0_seed_100805.ref,output,100805,300.0,0.5,575,556352
512_512_25_test_C3_250_particles_0.624_emittx_0.3_emitty_0.0005_betax_12.0_betay_0.12_sigmaz_100_offsety_0_seed_105469.ref,output,105469,300.0,0.5,693,690428
512_512_25_test_C3_250_particles_0.624_emittx_0.3_emitty_0.0005_betax_12.0_betay_0.12_sigmaz_100_offsety_0_seed_130471.ref,output,130471,300.0,0.5,569,612210
512_512_25_test_C3_250_particles_0.624_emittx_0.3_emitty_0.0005_betax_12.0_betay_0.12_sigmaz_100_offsety_0_seed_135135.ref,output,135135,300.0,0.5,647,616242
512_512_25_test_C3_250_particles_0.624_emittx_0.3_emitty_0.0005_betax_12.0_betay_0.12_sigmaz_100_offsety_0_seed_143455.ref,output,143455,300.0,0.5,518,559622
512_512_25_test_C3_250_particles_0.624_emittx_0.3_emitty_0.0005_betax_12.0_betay_0.12_sigmaz_100_offsety_0_seed_145992.ref,output,145992,300.0,0.5,617,679776
512_512_25_test_C3_250_particles_0.624_emittx_0.3_emitty_0.0005_betax_12.0_betay_0.12_sigmaz_100_offsety_0_seed_153768.ref,output,153768,300.0,0.5,658,660696
512_512_25_test_C3_250_particles_0.624_emittx_0.3_emitty_0.0005_betax_12.0_betay_0.12_sigmaz_100_offsety_0_seed_159302.ref,output,159302,300.0,0.5,560,558862
512_512_25_test_C3_250_particles_0.624_emittx_0.3_emitty_0.0005_betax_12.0_betay_0.12_sigmaz_100_offsety_0_seed_167029.ref,output,167029,300.0,0.5,601,626726
512_512_25_test_C3_250_particles_0.624_emittx_0.3_emitty_0.0005_betax_12.0_betay_0.12_sigmaz_100_offsety_0_seed_167815.ref,output,167815,300.0,0.5,593,604506
512_512_25_test_C3_250_particles_0.624_emittx_0.3_emitty_0.0005_betax_12.0_betay_0.12_sigmaz_100_offsety_0_seed_286038.ref,output,286038,300.0,0.5,485,502112
512_512_25_test_C3_250_particles_0.624_emittx_0.3_emitty_0.001_betax_12.0_betay_0.12_sigmaz_100_offsety_0_seed_100805.ref,output,100805,300.0,1.0,335,362944
512_512_25_test_C3_250_particles_0.624_emittx_0.3_emitty_0.001_betax_12.0_betay_0.12_sigmaz_100_offsety_0_seed_105469.ref,output,105469,300.0,1.0,460,500326
512_512_25_test_C3_250_particles_0.624_emittx_0.3_emitty_0.001_betax_12.0_betay_0.12_sigmaz_100_offsety_0_seed_130471.ref,output,130471,300.0,1.0,401,377466
512_512_25_test_C3_250_particles_0.624_emittx_0.3_emitty_0.001_betax_12.0_betay_0.12_sigmaz_100_offsety_0_seed_135135.ref,output,135135,300.0,1.0,442,459764
512_512_25_test_C3_250_particles_0.624_emittx_0.3_emitty_0.001_betax_12.0_betay_0.12_sigmaz_100_offsety_0_seed_143455.ref,output,143455,300.0,1.0,399,414964
512_512_25_test_C3_250_particles_0.624_emittx_0.3_emitty_0.001_betax_12.0_betay_0.12_sigmaz_100_offsety_0_seed_145992.ref,output,145992,300.0,1.0,354,388316
512_512_25_test_C3_250_particles_0.624_emittx_0.3_emitty_0.001_betax_12.0_betay_0.12_sigmaz_100_offsety_0_seed_153768.ref,output,153768,300.0,1.0,371,383822
512_512_25_test_C3_250_particles_0.624_emittx_0.3_emitty_0.001_betax_12.0_betay_0.12_sigmaz_100_offsety_0_seed_159302.ref,output,159302,300.0,1.0,351,335998
512_512_25_test_C3_250_particles_0.624_emittx_0.3_emitty_0.001_betax_12.0_betay_0.12_sigmaz_100_offsety_0_seed_167029.ref,output,167029,300.0,1.0,298,368762
512_512_25_test_C3_250_particles_0.624_emittx_0.3_emitty_0.001_betax_12.0_betay_0.12_sigmaz_100_offsety_0_seed_167815.ref,output,167815,300.0,1.0,355,379914
512_512_25_test_C3_250_particles_0.624_emittx_0.3_emitty_0.001_betax_12.0_betay_0.12_sigmaz_100_offsety_0_seed_286038.ref,output,286038,300.0,1.0,309,350724
512_512_25_test_C3_250_particles_0.624_emittx_0.3_emitty_0.0015_betax_12.0_betay_0.12_sigmaz_100_offsety_0_seed_100805.ref,output,100805,300.0,1.5,321,321920
512_512_25_test_C3_250_particles_0.624_emittx_0.3_emitty_0.0015_betax_12.0_betay_0.12_sigmaz_100_offsety_0_seed_105469.ref,output,105469,300.0,1.5,330,385564
512_512_25_test_C3_250_particles_0.624_emittx_0.3_emitty_0.0015_betax_12.0_betay_0.12_sigmaz_100_offsety_0_seed_130471.ref,output,130471,300.0,1.5,286,333948
512_512_25_test_C3_250_particles_0.624_emittx_0.3_emitty_0.0015_betax_12.0_betay_0.12_sigmaz_100_offsety_0_seed_135135.ref,output,135135,300.0,1.5,374,391410
512_512_25_test_C3_250_particles_0.624_emittx_0.3_emitty_0.0015_betax_12.0_betay_0.12_sigmaz_100_offsety_0_seed_143455.ref,output,143455,300.0,1.5,299,336178
512_512_25_test_C3_250_particles_0.624_emittx_0.3_emitty_0.0015_betax_12.0_betay_0.12_sigmaz_100_offsety_0_seed_145992.ref,output,145992,300.0,1.5,309,329442
512_512_25_test_C3_250_particles_0.624_emittx_0.3_emitty_0.0015_betax_12.0_betay_0.12_sigmaz_100_offsety_0_seed_153768.ref,output,153768,300.0,1.5,280,329290
512_512_25_test_C3_250_particles_0.624_emittx_0.3_emitty_0.0015_betax_12.0_betay_0.12_sigmaz_100_offsety_0_seed_167029.ref,output,167029,300.0,1.5,319,330028
512_512_25_test_C3_250_particles_0.624_emittx_0.3_emitty_0.0015_betax_12.0_betay_0.12_sigmaz_100_offsety_0_seed_167815.ref,output,167815,300.0,1.5,313,348764
512_512_25_test_C3_250_particles_0.624_emittx_0.3_emitty_0.0015_betax_12.0_betay_0.12_sigmaz_100_offsety_0_seed_286038.ref,output,286038,300.0,1.5,886,746179
512_512_25_test_C3_250_particles_0.624_emittx_0.3_emitty_0.0015_betax_12.0_betay_0.12_sigmaz_100_offsety_0_seed_360177.ref,output,360177,300.0,1.5,286,308346
512_512_25_test_C3_250_particles_0.624_emittx_0.3_emitty_0.002_betax_12.0_betay_0.12_sigmaz_100_offsety_0_seed_100805.ref,output,100805,300.0,2.0,288,306556
512_512_25_test_C3_250_particles_0.624_emittx_0.3_emitty_0.002_betax_12.0_betay_0.12_sigmaz_100_offsety_0_seed_105469.ref,output,105469,300.0,2.0,321,340006
512_512_25_test_C3_250_particles_0.624_emittx_0.3_emitty_0.002_betax_12.0_betay_0.12_sigmaz_100_offsety_0_seed_130471.ref,output,130471,300.0,2.0,265,306448
512_512_25_test_C3_250_particles_0.624_emittx_0.3_emitty_0.002_betax_12.0_betay_0.12_sigmaz_100_offsety_0_seed_135135.ref,output,135135,300.0,2.0,331,365946
512_512_25_test_C3_250_particles_0.624_emittx_0.3_emitty_0.002_betax_12.0_betay_0.12_sigmaz_100_offsety_0_seed_143455.ref,output,143455,300.0,2.0,307,298040
512_512_25_test_C3_250_particles_0.624_emittx_0.3_emitty_0.002_betax_12.0_betay_0.12_sigmaz_100_offsety_0_seed_145992.ref,output,145992,300.0,2.0,300,315450
512_512_25_test_C3_250_particles_0.624_emittx_0.3_emitty_0.002_betax_12.0_betay_0.12_sigmaz_100_offsety_0_seed_153768.ref,output,153768,300.0,2.0,290,303292
512_512_25_test_C3_250_particles_0.624_emittx_0.3_emitty_0.002_betax_12.0_betay_0.12_sigmaz_100_offsety_0_seed_159302.ref,output,159302,300.0,2.0,253,275628
512_512_25_test_C3_250_particles_0.624_emittx_0.3_emitty_0.002_betax_12.0_betay_0.12_sigmaz_100_offsety_0_seed_167029.ref,output,167029,300.0,2.0,284,296409
512_512_25_test_C3_250_particles_0.624_emittx_0.3_emitty_0.002_betax_12.0_betay_0.12_sigmaz_100_offsety_0_seed_167815.ref,output,167815,300.0,2.0,314,328342
512_512_25_test_C3_250_particles_0.624_emittx_0.3_emitty_0.002_betax_12.0_betay_0.12_sigmaz_100_offsety_0_seed_286038.ref,output,286038,300.0,2.0,271,299058
512_512_25_test_C3_250_particles_0.624_emittx_0.3_emitty_0.002_betax_12.0_betay_0.12_sigmaz_100_offsety_0_seed_360177.ref,output,360177,300.0,2.0,278,288394
512_512_25_test_C3_250_particles_0.624_emittx_0.3_emitty_0.002_betax_12.0_betay_0.12_sigmaz_100_offsety_0_seed_479728.ref,output,479728,300.0,2.0,287,283978
512_512_25_test_C3_250_particles_0.624_emittx_0.3_emitty_0.002_betax_12.0_betay_0.12_sigmaz_100_offsety_0_seed_527875.ref,output,527875,300.0,2.0,275,264326
512_512_25_test_C3_250_particles_0.624_emittx_0.3_emitty_0.002_betax_12.0_betay_0.12_sigmaz_100_offsety_0_seed_733579.ref,output,733579,300.0,2.0,244,293450
512_512_25_test_C3_250_particles_0.624_emittx_0.3_emitty_0.0025_betax_12.0_betay_0.12_sigmaz_100_offsety_0_seed_100805.ref,output,100805,300.0,2.5,283,298540
512_512_25_test_C3_250_particles_0.624_emittx_0.3_emitty_0.0025_betax_12.0_betay_0.12_sigmaz_100_offsety_0_seed_105469.ref,output,105469,300.0,2.5,292,322700
512_512_25_test_C3_250_particles_0.624_emittx_0.3_emitty_0.0025_betax_12.0_betay_0.12_sigmaz_100_offsety_0_seed_130471.ref,output,130471,300.0,2.5,245,284892
512_512_25_test_C3_250_particles_0.624_emittx_0.3_emitty_0.0025_betax_12.0_betay_0.12_sigmaz_100_offsety_0_seed_135135.ref,output,135135,300.0,2.5,365,351148
512_512_25_test_C3_250_particles_0.624_emittx_0.3_emitty_0.0025_betax_12.0_betay_0.12_sigmaz_100_offsety_0_seed_143455.ref,output,143455,300.0,2.5,282,277252
512_512_25_test_C3_250_particles_0.624_emittx_0.3_emitty_0.0025_betax_12.0_betay_0.12_sigmaz_100_offsety_0_seed_145992.ref,output,145992,300.0,2.5,289,305502
512_512_25_test_C3_250_particles_0.624_emittx_0.3_emitty_0.0025_betax_12.0_betay_0.12_sigmaz_100_offsety_0_seed_153768.ref,output,153768,300.0,2.5,245,284178
512_512_25_test_C3_250_particles_0.624_emittx_0.3_emitty_0.0025_betax_12.0_betay_0.12_sigmaz_100_offsety_0_seed_159302.ref,output,159302,300.0,2.5,266,263142
512_512_25_test_C3_250_particles_0.624_emittx_0.3_emitty_0.0025_betax_12.0_betay_0.12_sigmaz_100_offsety_0_seed_167029.ref,output,167029,300.0,2.5,287,277316
512_512_25_test_C3_250_particles_0.624_emittx_0.3_emitty_0.0025_betax_12.0_betay_0.12_sigmaz_100_offsety_0_seed_167815.ref,output,167815,300.0,2.5,285,309884
512_512_25_test_C3_250_particles_0.624_emittx_0.3_emitty_0.0025_betax_12.0_betay_0.12_sigmaz_100_offsety_0_seed_286038.ref,output,286038,300.0,2.5,280,285442
512_512_25_test_C3_250_particles_0.624_emittx_0.3_emitty_0.0025_betax_12.0_betay_0.12_sigmaz_100_offsety_0_seed_360177.ref,output,360177,300.0,2.5,222,275100
512_512_25_test_C3_250_particles_0.624_emittx_0.3_emitty_0.0025_betax_12.0_betay_0.12_sigmaz_100_offsety_0_seed_479728.ref,output,479728,300.0,2.5,246,270710
512_512_25_test_C3_250_particles_0.624_emittx_0.3_emitty_0.0025_betax_12.0_betay_0.12_sigmaz_100_offsety_0_seed_527875.ref,output,527875,300.0,2.5,236,251120
512_512_25_test_C3_250_particles_0.624_emittx_0.3_emitty_0.0025_betax_12.0_betay_0.12_sigmaz_100_offsety_0_seed_733579.ref,output,733579,300.0,2.5,452,527920
512_512_25_test_C3_250_particles_0.624_emittx_0.3_emitty_0.004_betax_12.0_betay_0.12_sigmaz_100_offsety_0_seed_100805.ref,output,100805,300.0,4.0,268,280012
512_512_25_test_C3_250_particles_0.624_emittx_0.3_emitty_0.004_betax_12.0_betay_0.12_sigmaz_100_offsety_0_seed_105469.ref,output,105469,300.0,4.0,252,296752
512_512_25_test_C3_250_particles_0.624_emittx_0.3_emitty_0.004_betax_12.0_betay_0.12_sigmaz_100_offsety_0_seed_130471.ref,output,130471,300.0,4.0,232,250534
512_512_25_test_C3_250_particles_0.624_emittx_0.3_emitty_0.004_betax_12.0_betay_0.12_sigmaz_100_offsety_0_seed_135135.ref,output,135135,300.0,4.0,293,324428
512_512_25_test_C3_250_particles_0.624_emittx_0.3_emitty_0.004_betax_12.0_betay_0.12_sigmaz_100_offsety_0_seed_143455.ref,output,143455,300.0,4.0,236,249386
512_512_25_test_C3_250_particles_0.624_emittx_0.3_emitty_0.004_betax_12.0_betay_0.12_sigmaz_100_offsety_0_seed_145992.ref,output,145992,300.0,4.0,267,287792
512_512_25_test_C3_250_particles_0.624_emittx_0.3_emitty_0.004_betax_12.0_betay_0.12_sigmaz_100_offsety_0_seed_153768.ref,output,153768,300.0,4.0,226,253408
512_512_25_test_C3_250_particles_0.624_emittx_0.3_emitty_0.004_betax_12.0_betay_0.12_sigmaz_100_offsety_0_seed_159302.ref,output,159302,300.0,4.0,227,240172
512_512_25_test_C3_250_particles_0.624_emittx_0.3_emitty_0.004_betax_12.0_betay_0.12_sigmaz_100_offsety_0_seed_167029.ref,output,167029,300.0,4.0,302,254616
512_512_25_test_C3_250_particles_0.624_emittx_0.3_emitty_0.004_betax_12.0_betay_0.12_sigmaz_100_offsety_0_seed_167815.ref,output,167815,300.0,4.0,257,275796
512_512_25_test_C3_250_particles_0.624_emittx_0.3_emitty_0.004_betax_12.0_betay_0.12_sigmaz_100_offsety_0_seed_286038.ref,output,286038,300.0,4.0,265,265580
512_512_25_test_C3_250_particles_0.624_emittx_0.3_emitty_0.004_betax_12.0_betay_0.12_sigmaz_100_offsety_0_seed_360177.ref,output,360177,300.0,4.0,255,252224
512_512_25_test_C3_250_particles_0.624_emittx_0.3_emitty_0.004_betax_12.0_betay_0.12_sigmaz_100_offsety_0_seed_479728.ref,output,479728,300.0,4.0,249,240736
512_512_25_test_C3_250_particles_0.624_emittx_0.3_emitty_0.004_betax_12.0_betay_0.12_sigmaz_100_offsety_0_seed_527875.ref,output,527875,300.0,4.0,216,229946
512_512_25_test_C3_250_particles_0.624_emittx_0.3_emitty_0.004_betax_12.0_betay_0.12_sigmaz_100_offsety_0_seed_733579.ref,output,733579,300.0,4.0,244,289228
512_512_25_test_C3_250_particles_0.624_emittx_0.3_emitty_0.005_betax_12.0_betay_0.12_sigmaz_100_offsety_0_seed_145992.ref,output,145992,300.0,5.0,275,288818
512_512_25_test_C3_250_particles_0.624_emittx_0.3_emitty_0.005_betax_12.0_betay_0.12_sigmaz_100_offsety_0_seed_153768.ref,output,153768,300.0,5.0,262,247132
512_512_25_test_C3_250_particles_0.624_emittx_0.3_emitty_0.005_betax_12.0_betay_0.12_sigmaz_100_offsety_0_seed_159302.ref,output,159302,300.0,5.0,231,237504
512_512_25_test_C3_250_particles_0.624_emittx_0.3_emitty_0.005_betax_12.0_betay_0.12_sigmaz_100_offsety_0_seed_167029.ref,output,167029,300.0,5.0,263,252528
512_512_25_test_C3_250_particles_0.624_emittx_0.3_emitty_0.005_betax_12.0_betay_0.12_sigmaz_100_offsety_0_seed_167815.ref,output,167815,300.0,5.0,235,263244
512_512_25_test_C3_250_particles_0.624_emittx_0.3_emitty_0.005_betax_12.0_betay_0.12_sigmaz_100_offsety_0_seed_286038.ref,output,286038,300.0,5.0,201,263608
512_512_25_test_C3_250_particles_0.624_emittx_0.3_emitty_0.005_betax_12.0_betay_0.12_sigmaz_100_offsety_0_seed_360177.ref,output,360177,300.0,5.0,218,244790
512_512_25_test_C3_250_particles_0.624_emittx_0.3_emitty_0.005_betax_12.0_betay_0.12_sigmaz_100_offsety_0_seed_479728.ref,output,479728,300.0,5.0,215,229084
512_512_25_test_C3_250_particles_0.624_emittx_0.3_emitty_0.005_betax_12.0_betay_0.12_sigmaz_100_offsety_0_seed_527875.ref,output,527875,300.0,5.0,205,224502
512_512_25_test_C3_250_particles_0.624_emittx_0.3_emitty_0.005_betax_12.0_betay_0.12_sigmaz_100_offsety_0_seed_733579.ref,output,733579,300.0,5.0,229,297214
512_512_25_test_C3_250_particles_0.624_emittx_0.3_emitty_0.006_betax_12.0_betay_0.12_sigmaz_100_offsety_0_seed_100805.ref,output,100805,300.0,6.0,239,267448
512_512_25_test_C3_250_particles_0.624_emittx_0.3_emitty_0.006_betax_12.0_betay_0.12_sigmaz_100_offsety_0_seed_105469.ref,output,105469,300.0,6.0,249,281430
512_512_25_test_C3_250_particles_0.624_emittx_0.3_emitty_0.006_betax_12.0_betay_0.12_sigmaz_100_offsety_0_seed_130471.ref,output,130471,300.0,6.0,204,242096
512_512_25_test_C3_250_particles_0.624_emittx_0.3_emitty_0.006_betax_12.0_betay_0.12_sigmaz_100_offsety_0_seed_135135.ref,output,135135,300.0,6.0,295,301326
512_512_25_test_C3_250_particles_0.624_emittx_0.3_emitty_0.006_betax_12.0_betay_0.12_sigmaz_100_offsety_0_seed_143455.ref,output,143455,300.0,6.0,211,241456
512_512_25_test_C3_250_particles_0.624_emittx_0.3_emitty_0.006_betax_12.0_betay_0.12_sigmaz_100_offsety_0_seed_145992.ref,output,145992,300.0,6.0,1275,1220202
512_512_25_test_C3_250_particles_0.624_emittx_0.3_emitty_0.006_betax_12.0_betay_0.12_sigmaz_100_offsety_0_seed_153768.ref,output,153768,300.0,6.0,232,246184
512_512_25_test_C3_250_particles_0.624_emittx_0.3_emitty_0.006_betax_12.0_betay_0.12_sigmaz_100_offsety_0_seed_159302.ref,output,159302,300.0,6.0,196,237832
512_512_25_test_C3_250_particles_0.624_emittx_0.3_emitty_0.006_betax_12.0_betay_0.12_sigmaz_100_offsety_0_seed_167029.ref,output,167029,300.0,6.0,200,256400
512_512_25_test_C3_250_particles_0.624_emittx_0.3_emitty_0.006_betax_12.0_betay_0.12_sigmaz_100_offsety_0_seed_167815.ref,output,167815,300.0,6.0,239,257706
512_512_25_test_C3_250_particles_0.624_emittx_0.3_emitty_0.006_betax_12.0_betay_0.12_sigmaz_100_offsety_0_seed_360177.ref,output,360177,300.0,6.0,208,239946
512_512_25_test_C3_250_particles_0.624_emittx_0.3_emitty_0.006_betax_12.0_betay_0.12_sigmaz_100_offsety_0_seed_479728.ref,output,479728,300.0,6.0,205,225534
512_512_25_test_C3_250_particles_0.624_emittx_0.3_emitty_0.006_betax_12.0_betay_0.12_sigmaz_100_offsety_0_seed_527875.ref,output,527875,300.0,6.0,195,222158
512_512_25_test_C3_250_particles_0.624_emittx_0.3_emitty_0.006_betax_12.0_betay_0.12_sigmaz_100_offsety_0_seed_733579.ref,output,733579,300.0,6.0,263,300472
512_512_25_test_C3_250_particles_0.624_emittx_0.3_emitty_0.008_betax_12.0_betay_0.12_sigmaz_100_offsety_0_seed_100805.ref,output,100805,300.0,8.0,223,252660
512_512_25_test_C3_250_particles_0.624_emittx_0.3_emitty_0.008_betax_12.0_betay_0.12_sigmaz_100_offsety_0_seed_105469.ref,output,105469,300.0,8.0,248,264850
512_512_25_test_C3_250_particles_0.624_emittx_0.3_emitty_0.008_betax_12.0_betay_0.12_sigmaz_100_offsety_0_seed_130471.ref,output,130471,300.0,8.0,199,242260
512_512_25_test_C3_250_particles_0.624_emittx_0.3_emitty_0.008_betax_12.0_betay_0.12_sigmaz_100_offsety_0_seed_135135.ref,output,135135,300.0,8.0,246,281530
512_512_25_test_C3_250_particles_0.624_emittx_0.3_emitty_0.008_betax_12.0_betay_0.12_sigmaz_100_offsety_0_seed_143455.ref,output,143455,300.0,8.0,203,243028
512_512_25_test_C3_250_particles_0.624_emittx_0.3_emitty_0.008_betax_12.0_betay_0.12_sigmaz_100_offsety_0_seed_145992.ref,output,145992,300.0,8.0,270,298322
512_512_25_test_C3_250_particles_0.624_emittx_0.3_emitty_0.008_betax_12.0_betay_0.12_sigmaz_100_offsety_0_seed_153768.ref,output,153768,300.0,8.0,217,245830
512_512_25_test_C3_250_particles_0.624_emittx_0.3_emitty_0.008_betax_12.0_betay_0.12_sigmaz_100_offsety_0_seed_159302.ref,output,159302,300.0,8.0,225,239618
512_512_25_test_C3_250_particles_0.624_emittx_0.3_emitty_0.008_betax_12.0_betay_0.12_sigmaz_100_offsety_0_seed_167029.ref,output,167029,300.0,8.0,243,274868
512_512_25_test_C3_250_particles_0.624_emittx_0.3_emitty_0.008_betax_12.0_betay_0.12_sigmaz_100_offsety_0_seed_167815.ref,output,167815,300.0,8.0,234,247542
512_512_25_test_C3_250_particles_0.624_emittx_0.3_emitty_0.008_betax_12.0_betay_0.12_sigmaz_100_offsety_0_seed_286038.ref,output,286038,300.0,8.0,247,266370
512_512_25_test_C3_250_particles_0.624_emittx_0.3_emitty_0.008_betax_12.0_betay_0.12_sigmaz_100_offsety_0_seed_360177.ref,output,360177,300.0,8.0,210,231954
512_512_25_test_C3_250_particles_0.624_emittx_0.3_emitty_0.008_betax_12.0_betay_0.12_sigmaz_100_offsety_0_seed_479728.ref,output,479728,300.0,8.0,216,222984
512_512_25_test_C3_250_particles_0.624_emittx_0.3_emitty_0.008_betax_12.0_betay_0.12_sigmaz_100_offsety_0_seed_527875.ref,output,527875,300.0,8.0,217,225340
512_512_25_test_C3_250_particles_0.624_emittx_0.3_emitty_0.008_betax_12.0_betay_0.12_sigmaz_100_offsety_0_seed_733579.ref,output,733579,300.0,8.0,235,297698
512_512_25_test_C3_250_particles_0.624_emittx_0.3_emitty_0.020_betax_12.0_betay_0.12_sigmaz_100_offsety_0_seed_100805.ref,output,100805,300.0,20.0,220,220956
512_512_25_test_C3_250_particles_0.624_emittx_0.3_emitty_0.020_betax_12.0_betay_0.12_sigmaz_100_offsety_0_seed_105469.ref,output,105469,300.0,20.0,181,212738
512_512_25_test_C3_250_particles_0.624_emittx_0.3_emitty_0.020_betax_12.0_betay_0.12_sigmaz_100_offsety_0_seed_130471.ref,output,130471,300.0,20.0,198,225340
512_512_25_test_C3_250_particles_0.624_emittx_0.3_emitty_0.020_betax_12.0_betay_0.12_sigmaz_100_offsety_0_seed_135135.ref,output,135135,300.0,20.0,214,226728
512_512_25_test_C3_250_particles_0.624_emittx_0.3_emitty_0.020_betax_12.0_betay_0.12_sigmaz_100_offsety_0_seed_143455.ref,output,143455,300.0,20.0,216,224084
512_512_25_test_C3_250_particles_0.624_emittx_0.3_emitty_0.020_betax_12.0_betay_0.12_sigmaz_100_offsety_0_seed_145992.ref,output,145992,300.0,20.0,191,232038
512_512_25_test_C3_250_particles_0.624_emittx_0.3_emitty_0.020_betax_12.0_betay_0.12_sigmaz_100_offsety_0_seed_153768.ref,output,153768,300.0,20.0,197,219342
512_512_25_test_C3_250_particles_0.624_emittx_0.3_emitty_0.020_betax_12.0_betay_0.12_sigmaz_100_offsety_0_seed_159302.ref,output,159302,300.0,20.0,212,224804
512_512_25_test_C3_250_particles_0.624_emittx_0.3_emitty_0.020_betax_12.0_betay_0.12_sigmaz_100_offsety_0_seed_167029.ref,output,167029,300.0,20.0,201,232822
512_512_25_test_C3_250_particles_0.624_emittx_0.3_emitty_0.020_betax_12.0_betay_0.12_sigmaz_100_offsety_0_seed_167815.ref,output,167815,300.0,20.0,184,216150
512_512_25_test_C3_250_particles_0.624_emittx_0.3_emitty_0.020_betax_12.0_betay_0.12_sigmaz_100_offsety_0_seed_286038.ref,output,286038,300.0,20.0,200,228318
512_512_25_test_C3_250_particles_0.624_emittx_0.4_emitty_0.020_betax_12.0_betay_0.12_sigmaz_100_offsety_0_seed_100805.ref,output,100805,400.0,20.0,115,137512
512_512_25_test_C3_250_particles_0.624_emittx_0.4_emitty_0.020_betax_12.0_betay_0.12_sigmaz_100_offsety_0_seed_105469.ref,output,105469,400.0,20.0,131,131888
512_512_25_test_C3_250_particles_0.624_emittx_0.4_emitty_0.020_betax_12.0_betay_0.12_sigmaz_100_offsety_0_seed_130471.ref,output,130471,400.0,20.0,103,138472
512_512_25_test_C3_250_particles_0.624_emittx_0.4_emitty_0.020_betax_12.0_betay_0.12_sigmaz_100_offsety_0_seed_135135.ref,output,135135,400.0,20.0,109,139696
512_512_25_test_C3_250_particles_0.624_emittx_0.4_emitty_0.020_betax_12.0_betay_0.12_sigmaz_100_offsety_0_seed_143455.ref,output,143455,400.0,20.0,130,140286
512_512_25_test_C3_250_particles_0.624_emittx_0.4_emitty_0.020_betax_12.0_betay_0.12_sigmaz_100_offsety_0_seed_145992.ref,output,145992,400.0,20.0,113,141102
512_512_25_test_C3_250_particles_0.624_emittx_0.4_emitty_0.020_betax_12.0_betay_0.12_sigmaz_100_offsety_0_seed_153768.ref,output,153768,400.0,20.0,112,136342
512_512_25_test_C3_250_particles_0.624_emittx_0.4_emitty_0.020_betax_12.0_betay_0.12_sigmaz_100_offsety_0_seed_159302.ref,output,159302,400.0,20.0,111,141780
512_512_25_test_C3_250_particles_0.624_emittx_0.4_emitty_0.020_betax_12.0_betay_0.12_sigmaz_100_offsety_0_seed_167029.ref,output,167029,400.0,20.0,155,141964
512_512_25_test_C3_250_particles_0.624_emittx_0.4_emitty_0.020_betax_12.0_betay_0.12_sigmaz_100_offsety_0_seed_167815.ref,output,167815,400.0,20.0,111,131678
512_512_25_test_C3_250_particles_0.624_emittx_0.4_emitty_0.020_betax_12.0_betay_0.12_sigmaz_100_offsety_0_seed_286038.ref,output,286038,400.0,20.0,99,139130
512_512_25_test_C3_250_particles_0.624_emittx_0.4_emitty_0.020_betax_12.0_betay_0.12_sigmaz_100_offsety_0_seed_360177.ref,output,360177,400.0,20.0,127,135690
512_512_25_test_C3_250_particles_0.624_emittx_0.4_emitty_0.020_betax_12.0_betay_0.12_sigmaz_100_offsety_0_seed_479728.ref,output,479728,400.0,20.0,115,139836
512_512_25_test_C3_250_particles_0.624_emittx_0.4_emitty_0.020_betax_12.0_betay_0.12_sigmaz_100_offsety_0_seed_527875.ref,output,527875,400.0,20.0,128,137558
512_512_25_test_C3_250_particles_0.624_emittx_0.4_emitty_0.020_betax_12.0_betay_0.12_sigmaz_100_offsety_0_seed_733579.ref,output,733579,400.0,20.0,113,146650
512_512_25_test_C3_250_particles_0.624_emittx_0.5_emitty_0.020_betax_12.0_betay_0.12_sigmaz_100_offsety_0_seed_100805.ref,output,100805,500.0,20.0,85,96454
512_512_25_test_C3_250_particles_0.624_emittx_0.5_emitty_0.020_betax_12.0_betay_0.12_sigmaz_100_offsety_0_seed_105469.ref,output,105469,500.0,20.0,87,92830
512_512_25_test_C3_250_particles_0.624_emittx_0.5_emitty_0.020_betax_12.0_betay_0.12_sigmaz_100_offsety_0_seed_130471.ref,output,130471,500.0,20.0,97,95630
512_512_25_test_C3_250_particles_0.624_emittx_0.5_emitty_0.020_betax_12.0_betay_0.12_sigmaz_100_offsety_0_seed_135135.ref,output,135135,500.0,20.0,80,99352
512_512_25_test_C3_250_particles_0.624_emittx_0.5_emitty_0.020_betax_12.0_betay_0.12_sigmaz_100_offsety_0_seed_143455.ref,output,143455,500.0,20.0,81,99018
512_512_25_test_C3_250_particles_0.624_emittx_0.5_emitty_0.020_betax_12.0_betay_0.12_sigmaz_100_offsety_0_seed_145992.ref,output,145992,500.0,20.0,106,99392
512_512_25_test_C3_250_particles_0.624_emittx_0.5_emitty_0.020_betax_12.0_betay_0.12_sigmaz_100_offsety_0_seed_153768.ref,output,153768,500.0,20.0,87,97318
512_512_25_test_C3_250_particles_0.624_emittx_0.5_emitty_0.020_betax_12.0_betay_0.12_sigmaz_100_offsety_0_seed_159302.ref,output,159302,500.0,20.0,95,98138
512_512_25_test_C3_250_particles_0.624_emittx_0.5_emitty_0.020_betax_12.0_betay_0.12_sigmaz_100_offsety_0_seed_167029.ref,output,167029,500.0,20.0,97,97128
512_512_25_test_C3_250_particles_0.624_emittx_0.5_emitty_0.020_betax_12.0_betay_0.12_sigmaz_100_offsety_0_seed_167815.ref,output,167815,500.0,20.0,67,92934
512_512_25_test_C3_250_particles_0.624_emittx_0.5_emitty_0.020_betax_12.0_betay_0.12_sigmaz_100_offsety_0_seed_286038.ref,output,286038,500.0,20.0,90,95424
512_512_25_test_C3_250_particles_0.624_emittx_0.5_emitty_0.020_betax_12.0_betay_0.12_sigmaz_100_offsety_0_seed_360177.ref,output,360177,500.0,20.0,85,96020
512_512_25_test_C3_250_particles_0.624_emittx_0.5_emitty_0.020_betax_12.0_betay_0.12_sigmaz_100_offsety_0_seed_479728.ref,output,479728,500.0,20.0,86,97260
512_512_25_test_C3_250_particles_0.624_emittx_0.5_emitty_0.020_betax_12.0_betay_0.12_sigmaz_100_offsety_0_seed_527875.ref,output,527875,500.0,20.0,86,95182
512_512_25_test_C3_250_particles_0.624_emittx_0.5_emitty_0.020_betax_12.0_betay_0.12_sigmaz_100_offsety_0_seed_733579.ref,output,733579,500.0,20.0,90,100392
512_512_25_test_C3_250_particles_0.624_emittx_0.6_emitty_0.020_betax_12.0_betay_0.12_sigmaz_100_offsety_0_seed_100805.ref,output,100805,600.0,20.0,80,74412
512_512_25_test_C3_250_particles_0.624_emittx_0.6_emitty_0.020_betax_12.0_betay_0.12_sigmaz_100_offsety_0_seed_105469.ref,output,105469,600.0,20.0,62,73654
512_512_25_test_C3_250_particles_0.624_emittx_0.6_emitty_0.020_betax_12.0_betay_0.12_sigmaz_100_offsety_0_seed_130471.ref,output,130471,600.0,20.0,57,74034
512_512_25_test_C3_250_particles_0.624_emittx_0.6_emitty_0.020_betax_12.0_betay_0.12_sigmaz_100_offsety_0_seed_135135.ref,output,135135,600.0,20.0,59,75268
512_512_25_test_C3_250_particles_0.624_emittx_0.6_emitty_0.020_betax_12.0_betay_0.12_sigmaz_100_offsety_0_seed_143455.ref,output,143455,600.0,20.0,64,76048
512_512_25_test_C3_250_particles_0.624_emittx_0.6_emitty_0.020_betax_12.0_betay_0.12_sigmaz_100_offsety_0_seed_145992.ref,output,145992,600.0,20.0,74,75526
512_512_25_test_C3_250_particles_0.624_emittx_0.6_emitty_0.020_betax_12.0_betay_0.12_sigmaz_100_offsety_0_seed_153768.ref,output,153768,600.0,20.0,59,75052
512_512_25_test_C3_250_particles_0.624_emittx_0.6_emitty_0.020_betax_12.0_betay_0.12_sigmaz_100_offsety_0_seed_159302.ref,output,159302,600.0,20.0,50,75208
512_512_25_test_C3_250_particles_0.624_emittx_0.6_emitty_0.020_betax_12.0_betay_0.12_sigmaz_100_offsety_0_seed_167029.ref,output,167029,600.0,20.0,84,76670
512_512_25_test_C3_250_particles_0.624_emittx_0.6_emitty_0.020_betax_12.0_betay_0.12_sigmaz_100_offsety_0_seed_167815.ref,output,167815,600.0,20.0,81,73186
512_512_25_test_C3_250_particles_0.624_emittx_0.6_emitty_0.020_betax_12.0_betay_0.12_sigmaz_100_offsety_0_seed_286038.ref,output,286038,600.0,20.0,69,73754
512_512_25_test_C3_250_particles_0.624_emittx_0.6_emitty_0.020_betax_12.0_betay_0.12_sigmaz_100_offsety_0_seed_360177.ref,output,360177,600.0,20.0,65,75344
512_512_25_test_C3_250_particles_0.624_emittx_0.6_emitty_0.020_betax_12.0_betay_0.12_sigmaz_100_offsety_0_seed_479728.ref,output,479728,600.0,20.0,71,75472
512_512_25_test_C3_250_particles_0.624_emittx_0.6_emitty_0.020_betax_12.0_betay_0.12_sigmaz_100_offsety_0_seed_527875.ref,output,527875,600.0,20.0,73,74494
512_512_25_test_C3_250_particles_0.624_emittx_0.6_emitty_0.020_betax_12.0_betay_0.12_sigmaz_100_offsety_0_seed_733579.ref,output,733579,600.0,20.0,82,77670
512_512_25_test_C3_250_particles_0.624_emittx_0.7_emitty_0.020_betax_12.0_betay_0.12_sigmaz_100_offsety_0_seed_100805.ref,output,100805,700.0,20.0,49,61780
512_512_25_test_C3_250_particles_0.624_emittx_0.7_emitty_0.020_betax_12.0_betay_0.12_sigmaz_100_offsety_0_seed_105469.ref,output,105469,700.0,20.0,66,60532
512_512_25_test_C3_250_particles_0.624_emittx_0.7_emitty_0.020_betax_12.0_betay_0.12_sigmaz_100_offsety_0_seed_130471.ref,output,130471,700.0,20.0,57,61318
512_512_25_test_C3_250_particles_0.624_emittx_0.7_emitty_0.020_betax_12.0_betay_0.12_sigmaz_100_offsety_0_seed_135135.ref,output,135135,700.0,20.0,39,62970
512_512_25_test_C3_250_particles_0.624_emittx_0.7_emitty_0.020_betax_12.0_betay_0.12_sigmaz_100_offsety_0_seed_143455.ref,output,143455,700.0,20.0,49,61502
512_512_25_test_C3_250_particles_0.624_emittx_0.7_emitty_0.020_betax_12.0_betay_0.12_sigmaz_100_offsety_0_seed_145992.ref,output,145992,700.0,20.0,64,62472
512_512_25_test_C3_250_particles_0.624_emittx_0.7_emitty_0.020_betax_12.0_betay_0.12_sigmaz_100_offsety_0_seed_153768.ref,output,153768,700.0,20.0,61,61956
512_512_25_test_C3_250_particles_0.624_emittx_0.7_emitty_0.020_betax_12.0_betay_0.12_sigmaz_100_offsety_0_seed_159302.ref,output,159302,700.0,20.0,56,62098
512_512_25_test_C3_250_particles_0.624_emittx_0.7_emitty_0.020_betax_12.0_betay_0.12_sigmaz_100_offsety_0_seed_167029.ref,output,167029,700.0,20.0,51,62464
512_512_25_test_C3_250_particles_0.624_emittx_0.7_emitty_0.020_betax_12.0_betay_0.12_sigmaz_100_offsety_0_seed_167815.ref,output,167815,700.0,20.0,51,60528
512_512_25_test_C3_250_particles_0.624_emittx_0.7_emitty_0.020_betax_12.0_betay_0.12_sigmaz_100_offsety_0_seed_286038.ref,output,286038,700.0,20.0,70,61394
512_512_25_test_C3_250_particles_0.624_emittx_0.7_emitty_0.020_betax_12.0_betay_0.12_sigmaz_100_offsety_0_seed_360177.ref,output,360177,700.0,20.0,64,61490
512_512_25_test_C3_250_particles_0.624_emittx_0.7_emitty_0.020_betax_12.0_betay_0.12_sigmaz_100_offsety_0_seed_479728.ref,output,479728,700.0,20.0,68,62602
512_512_25_test_C3_250_particles_0.624_emittx_0.7_emitty_0.020_betax_12.0_betay_0.12_sigmaz_100_offsety_0_seed_527875.ref,output,527875,700.0,20.0,71,60938
512_512_25_test_C3_250_particles_0.624_emittx_0.7_emitty_0.020_betax_12.0_betay_0.12_sigmaz_100_offsety_0_seed_733579.ref,output,733579,700.0,20.0,66,62152
512_512_25_test_C3_250_particles_0.624_emittx_0.8_emitty_0.020_betax_12.0_betay_0.12_sigmaz_100_offsety_0_seed_100805.ref,output,100805,800.0,20.0,41,53704
512_512_25_test_C3_250_particles_0.624_emittx_0.8_emitty_0.020_betax_12.0_betay_0.12_sigmaz_100_offsety_0_seed_105469.ref,output,105469,800.0,20.0,62,53462
512_512_25_test_C3_250_particles_0.624_emittx_0.8_emitty_0.020_betax_12.0_betay_0.12_sigmaz_100_offsety_0_seed_130471.ref,output,130471,800.0,20.0,48,52354
512_512_25_test_C3_250_particles_0.624_emittx_0.8_emitty_0.020_betax_12.0_betay_0.12_sigmaz_100_offsety_0_seed_135135.ref,output,135135,800.0,20.0,37,54366
512_512_25_test_C3_250_particles_0.624_emittx_0.8_emitty_0.020_betax_12.0_betay_0.12_sigmaz_100_offsety_0_seed_143455.ref,output,143455,800.0,20.0,69,53332
512_512_25_test_C3_250_particles_0.624_emittx_0.8_emitty_0.020_betax_12.0_betay_0.12_sigmaz_100_offsety_0_seed_153768.ref,output,153768,800.0,20.0,52,53766
512_512_25_test_C3_250_particles_0.624_emittx_0.8_emitty_0.020_betax_12.0_betay_0.12_sigmaz_100_offsety_0_seed_159302.ref,output,159302,800.0,20.0,49,53470
512_512_25_test_C3_250_particles_0.624_emittx_0.8_emitty_0.020_betax_12.0_betay_0.12_sigmaz_100_offsety_0_seed_167029.ref,output,167029,800.0,20.0,39,53566
512_512_25_test_C3_250_particles_0.624_emittx_0.8_emitty_0.020_betax_12.0_betay_0.12_sigmaz_100_offsety_0_seed_167815.ref,output,167815,800.0,20.0,44,52528
512_512_25_test_C3_250_particles_0.624_emittx_0.8_emitty_0.020_betax_12.0_betay_0.12_sigmaz_100_offsety_0_seed_286038.ref,output,286038,800.0,20.0,50,53186
512_512_25_test_C3_250_particles_0.624_emittx_0.8_emitty_0.020_betax_12.0_betay_0.12_sigmaz_100_offsety_0_seed_360177.ref,output,360177,800.0,20.0,59,53542
512_512_25_test_C3_250_particles_0.624_emittx_0.8_emitty_0.020_betax_12.0_betay_0.12_sigmaz_100_offsety_0_seed_479728.ref,output,479728,800.0,20.0,54,54042
512_512_25_test_C3_250_particles_0.624_emittx_0.8_emitty_0.020_betax_12.0_betay_0.12_sigmaz_100_offsety_0_seed_527875.ref,output,527875,800.0,20.0,57,52954
512_512_25_test_C3_250_particles_0.624_emittx_0.8_emitty_0.020_betax_12.0_betay_0.12_sigmaz_100_offsety_0_seed_733579.ref,output,733579,800.0,20.0,56,53884
512_512_25_test_C3_250_particles_0.624_emittx_0.9_emitty_0.0005_betax_12.0_betay_0.12_sigmaz_100_offsety_0_seed_100805.ref,output,100805,900.0,0.5,128,140684
512_512_25_test_C3_250_particles_0.624_emittx_0.9_emitty_0.0005_betax_12.0_betay_0.12_sigmaz_100_offsety_0_seed_105469.ref,output,105469,900.0,0.5,158,154288
512_512_25_test_C3_250_particles_0.624_emittx_0.9_emitty_0.0005_betax_12.0_betay_0.12_sigmaz_100_offsety_0_seed_105648.ref,output,105648,900.0,0.5,126,151442
512_512_25_test_C3_250_particles_0.624_emittx_0.9_emitty_0.0005_betax_12.0_betay_0.12_sigmaz_100_offsety_0_seed_130471.ref,output,130471,900.0,0.5,135,146144
512_512_25_test_C3_250_particles_0.624_emittx_0.9_emitty_0.0005_betax_12.0_betay_0.12_sigmaz_100_offsety_0_seed_135135.ref,output,135135,900.0,0.5,138,147328
512_512_25_test_C3_250_particles_0.624_emittx_0.9_emitty_0.0005_betax_12.0_betay_0.12_sigmaz_100_offsety_0_seed_143455.ref,output,143455,900.0,0.5,147,150796
512_512_25_test_C3_250_particles_0.624_emittx_0.9_emitty_0.0005_betax_12.0_betay_0.12_sigmaz_100_offsety_0_seed_145992.ref,output,145992,900.0,0.5,162,155612
512_512_25_test_C3_250_particles_0.624_emittx_0.9_emitty_0.0005_betax_12.0_betay_0.12_sigmaz_100_offsety_0_seed_153768.ref,output,153768,900.0,0.5,150,152054
512_512_25_test_C3_250_particles_0.624_emittx_0.9_emitty_0.0005_betax_12.0_betay_0.12_sigmaz_100_offsety_0_seed_159302.ref,output,159302,900.0,0.5,155,144068
512_512_25_test_C3_250_particles_0.624_emittx_0.9_emitty_0.0005_betax_12.0_betay_0.12_sigmaz_100_offsety_0_seed_167029.ref,output,167029,900.0,0.5,140,152538
512_512_25_test_C3_250_particles_0.624_emittx_0.9_emitty_0.0005_betax_12.0_betay_0.12_sigmaz_100_offsety_0_seed_167815.ref,output,167815,900.0,0.5,159,144710
512_512_25_test_C3_250_particles_0.624_emittx_0.9_emitty_0.0005_betax_12.0_betay_0.12_sigmaz_100_offsety_0_seed_238461.ref,output,238461,900.0,0.5,159,142032
512_512_25_test_C3_250_particles_0.624_emittx_0.9_emitty_0.0005_betax_12.0_betay_0.12_sigmaz_100_offsety_0_seed_274935.ref,output,274935,900.0,0.5,134,142734
512_512_25_test_C3_250_particles_0.624_emittx_0.9_emitty_0.0005_betax_12.0_betay_0.12_sigmaz_100_offsety_0_seed_286038.ref,output,286038,900.0,0.5,151,147320
512_512_25_test_C3_250_particles_0.624_emittx_0.9_emitty_0.0005_betax_12.0_betay_0.12_sigmaz_100_offsety_0_seed_352871.ref,output,352871,900.0,0.5,166,146792
512_512_25_test_C3_250_particles_0.624_emittx_0.9_emitty_0.001_betax_12.0_betay_0.12_sigmaz_100_offsety_0_seed_100805.ref,output,100805,900.0,1.0,125,123064
512_512_25_test_C3_250_particles_0.624_emittx_0.9_emitty_0.001_betax_12.0_betay_0.12_sigmaz_100_offsety_0_seed_105469.ref,output,105469,900.0,1.0,108,126728
512_512_25_test_C3_250_particles_0.624_emittx_0.9_emitty_0.001_betax_12.0_betay_0.12_sigmaz_100_offsety_0_seed_105648.ref,output,105648,900.0,1.0,103,125532
512_512_25_test_C3_250_particles_0.624_emittx_0.9_emitty_0.001_betax_12.0_betay_0.12_sigmaz_100_offsety_0_seed_130471.ref,output,130471,900.0,1.0,127,120358
512_512_25_test_C3_250_particles_0.624_emittx_0.9_emitty_0.001_betax_12.0_betay_0.12_sigmaz_100_offsety_0_seed_135135.ref,output,135135,900.0,1.0,138,124880
512_512_25_test_C3_250_particles_0.624_emittx_0.9_emitty_0.001_betax_12.0_betay_0.12_sigmaz_100_offsety_0_seed_143455.ref,output,143455,900.0,1.0,138,124592
512_512_25_test_C3_250_particles_0.624_emittx_0.9_emitty_0.001_betax_12.0_betay_0.12_sigmaz_100_offsety_0_seed_145992.ref,output,145992,900.0,1.0,139,131828
512_512_25_test_C3_250_particles_0.624_emittx_0.9_emitty_0.001_betax_12.0_betay_0.12_sigmaz_100_offsety_0_seed_153768.ref,output,153768,900.0,1.0,118,123958
512_512_25_test_C3_250_particles_0.624_emittx_0.9_emitty_0.001_betax_12.0_betay_0.12_sigmaz_100_offsety_0_seed_159302.ref,output,159302,900.0,1.0,124,121754
512_512_25_test_C3_250_particles_0.624_emittx_0.9_emitty_0.001_betax_12.0_betay_0.12_sigmaz_100_offsety_0_seed_167029.ref,output,167029,900.0,1.0,102,127202
512_512_25_test_C3_250_particles_0.624_emittx_0.9_emitty_0.001_betax_12.0_betay_0.12_sigmaz_100_offsety_0_seed_167815.ref,output,167815,900.0,1.0,123,123476
512_512_25_test_C3_250_particles_0.624_emittx_0.9_emitty_0.001_betax_12.0_betay_0.12_sigmaz_100_offsety_0_seed_238461.ref,output,238461,900.0,1.0,134,116036
512_512_25_test_C3_250_particles_0.624_emittx_0.9_emitty_0.001_betax_12.0_betay_0.12_sigmaz_100_offsety_0_seed_274935.ref,output,274935,900.0,1.0,104,119466
512_512_25_test_C3_250_particles_0.624_emittx_0.9_emitty_0.001_betax_12.0_betay_0.12_sigmaz_100_offsety_0_seed_286038.ref,output,286038,900.0,1.0,127,124258
512_512_25_test_C3_250_particles_0.624_emittx_0.9_emitty_0.001_betax_12.0_betay_0.12_sigmaz_100_offsety_0_seed_352871.ref,output,352871,900.0,1.0,124,121662
512_512_25_test_C3_250_particles_0.624_emittx_0.9_emitty_0.0015_betax_12.0_betay_0.12_sigmaz_100_offsety_0_seed_100805.ref,output,100805,900.0,1.5,113,113342
512_512_25_test_C3_250_particles_0.624_emittx_0.9_emitty_0.0015_betax_12.0_betay_0.12_sigmaz_100_offsety_0_seed_105469.ref,output,105469,900.0,1.5,111,115466
512_512_25_test_C3_250_particles_0.624_emittx_0.9_emitty_0.0015_betax_12.0_betay_0.12_sigmaz_100_offsety_0_seed_105648.ref,output,105648,900.0,1.5,104,113722
512_512_25_test_C3_250_particles_0.624_emittx_0.9_emitty_0.0015_betax_12.0_betay_0.12_sigmaz_100_offsety_0_seed_130471.ref,output,130471,900.0,1.5,119,109386
512_512_25_test_C3_250_particles_0.624_emittx_0.9_emitty_0.0015_betax_12.0_betay_0.12_sigmaz_100_offsety_0_seed_135135.ref,output,135135,900.0,1.5,115,112580
512_512_25_test_C3_250_particles_0.624_emittx_0.9_emitty_0.0015_betax_12.0_betay_0.12_sigmaz_100_offsety_0_seed_143455.ref,output,143455,900.0,1.5,127,112506
512_512_25_test_C3_250_particles_0.624_emittx_0.9_emitty_0.0015_betax_12.0_betay_0.12_sigmaz_100_offsety_0_seed_145992.ref,output,145992,900.0,1.5,138,119670
512_512_25_test_C3_250_particles_0.624_emittx_0.9_emitty_0.0015_betax_12.0_betay_0.12_sigmaz_100_offsety_0_seed_153768.ref,output,153768,900.0,1.5,86,110440
512_512_25_test_C3_250_particles_0.624_emittx_0.9_emitty_0.0015_betax_12.0_betay_0.12_sigmaz_100_offsety_0_seed_159302.ref,output,159302,900.0,1.5,104,108336
512_512_25_test_C3_250_particles_0.624_emittx_0.9_emitty_0.0015_betax_12.0_betay_0.12_sigmaz_100_offsety_0_seed_167029.ref,output,167029,900.0,1.5,113,114276
512_512_25_test_C3_250_particles_0.624_emittx_0.9_emitty_0.0015_betax_12.0_betay_0.12_sigmaz_100_offsety_0_seed_167815.ref,output,167815,900.0,1.5,140,110676
512_512_25_test_C3_250_particles_0.624_emittx_0.9_emitty_0.0015_betax_12.0_betay_0.12_sigmaz_100_offsety_0_seed_238461.ref,output,238461,900.0,1.5,88,105634
512_512_25_test_C3_250_particles_0.624_emittx_0.9_emitty_0.0015_betax_12.0_betay_0.12_sigmaz_100_offsety_0_seed_274935.ref,output,274935,900.0,1.5,108,107976
512_512_25_test_C3_250_particles_0.624_emittx_0.9_emitty_0.0015_betax_12.0_betay_0.12_sigmaz_100_offsety_0_seed_286038.ref,output,286038,900.0,1.5,115,112596
512_512_25_test_C3_250_particles_0.624_emittx_0.9_emitty_0.0015_betax_12.0_betay_0.12_sigmaz_100_offsety_0_seed_352871.ref,output,352871,900.0,1.5,119,109108
512_512_25_test_C3_250_particles_0.624_emittx_0.9_emitty_0.002_betax_12.0_betay_0.12_sigmaz_100_offsety_0_seed_100805.ref,output,100805,900.0,2.0,106,104902
512_512_25_test_C3_250_particles_0.624_emittx_0.9_emitty_0.002_betax_12.0_betay_0.12_sigmaz_100_offsety_0_seed_105469.ref,output,105469,900.0,2.0,96,106328
512_512_25_test_C3_250_particles_0.624_emittx_0.9_emitty_0.002_betax_12.0_betay_0.12_sigmaz_100_offsety_0_seed_105648.ref,output,105648,900.0,2.0,81,104924
512_512_25_test_C3_250_particles_0.624_emittx_0.9_emitty_0.002_betax_12.0_betay_0.12_sigmaz_100_offsety_0_seed_130471.ref,output,130471,900.0,2.0,105,102448
512_512_25_test_C3_250_particles_0.624_emittx_0.9_emitty_0.002_betax_12.0_betay_0.12_sigmaz_100_offsety_0_seed_135135.ref,output,135135,900.0,2.0,109,105190
512_512_25_test_C3_250_particles_0.624_emittx_0.9_emitty_0.002_betax_12.0_betay_0.12_sigmaz_100_offsety_0_seed_143455.ref,output,143455,900.0,2.0,102,105362
512_512_25_test_C3_250_particles_0.624_emittx_0.9_emitty_0.002_betax_12.0_betay_0.12_sigmaz_100_offsety_0_seed_145992.ref,output,145992,900.0,2.0,101,111416
512_512_25_test_C3_250_particles_0.624_emittx_0.9_emitty_0.002_betax_12.0_betay_0.12_sigmaz_100_offsety_0_seed_153768.ref,output,153768,900.0,2.0,112,102166
512_512_25_test_C3_250_particles_0.624_emittx_0.9_emitty_0.002_betax_12.0_betay_0.12_sigmaz_100_offsety_0_seed_159302.ref,output,159302,900.0,2.0,107,100576
512_512_25_test_C3_250_particles_0.624_emittx_0.9_emitty_0.002_betax_12.0_betay_0.12_sigmaz_100_offsety_0_seed_167029.ref,output,167029,900.0,2.0,93,106514
512_512_25_test_C3_250_particles_0.624_emittx_0.9_emitty_0.002_betax_12.0_betay_0.12_sigmaz_100_offsety_0_seed_167815.ref,output,167815,900.0,2.0,90,102676
512_512_25_test_C3_250_particles_0.624_emittx_0.9_emitty_0.002_betax_12.0_betay_0.12_sigmaz_100_offsety_0_seed_238461.ref,output,238461,900.0,2.0,107,97454
512_512_25_test_C3_250_particles_0.624_emittx_0.9_emitty_0.002_betax_12.0_betay_0.12_sigmaz_100_offsety_0_seed_274935.ref,output,274935,900.0,2.0,125,101780
512_512_25_test_C3_250_particles_0.624_emittx_0.9_emitty_0.002_betax_12.0_betay_0.12_sigmaz_100_offsety_0_seed_286038.ref,output,286038,900.0,2.0,119,105752
512_512_25_test_C3_250_particles_0.624_emittx_0.9_emitty_0.002_betax_12.0_betay_0.12_sigmaz_100_offsety_0_seed_352871.ref,output,352871,900.0,2.0,130,101792
512_512_25_test_C3_250_particles_0.624_emittx_0.9_emitty_0.0025_betax_12.0_betay_0.12_sigmaz_100_offsety_0_seed_100805.ref,output,100805,900.0,2.5,93,100082
512_512_25_test_C3_250_particles_0.624_emittx_0.9_emitty_0.0025_betax_12.0_betay_0.12_sigmaz_100_offsety_0_seed_105469.ref,output,105469,900.0,2.5,96,101026
512_512_25_test_C3_250_particles_0.624_emittx_0.9_emitty_0.0025_betax_12.0_betay_0.12_sigmaz_100_offsety_0_seed_105648.ref,output,105648,900.0,2.5,84,98710
512_512_25_test_C3_250_particles_0.624_emittx_0.9_emitty_0.0025_betax_12.0_betay_0.12_sigmaz_100_offsety_0_seed_130471.ref,output,130471,900.0,2.5,104,97338
512_512_25_test_C3_250_particles_0.624_emittx_0.9_emitty_0.0025_betax_12.0_betay_0.12_sigmaz_100_offsety_0_seed_135135.ref,output,135135,900.0,2.5,101,99642
512_512_25_test_C3_250_particles_0.624_emittx_0.9_emitty_0.0025_betax_12.0_betay_0.12_sigmaz_100_offsety_0_seed_143455.ref,output,143455,900.0,2.5,102,100058
512_512_25_test_C3_250_particles_0.624_emittx_0.9_emitty_0.0025_betax_12.0_betay_0.12_sigmaz_100_offsety_0_seed_145992.ref,output,145992,900.0,2.5,103,105484
512_512_25_test_C3_250_particles_0.624_emittx_0.9_emitty_0.0025_betax_12.0_betay_0.12_sigmaz_100_offsety_0_seed_153768.ref,output,153768,900.0,2.5,75,95198
512_512_25_test_C3_250_particles_0.624_emittx_0.9_emitty_0.0025_betax_12.0_betay_0.12_sigmaz_100_offsety_0_seed_159302.ref,output,159302,900.0,2.5,116,96278
512_512_25_test_C3_250_particles_0.624_emittx_0.9_emitty_0.0025_betax_12.0_betay_0.12_sigmaz_100_offsety_0_seed_167029.ref,output,167029,900.0,2.5,87,100180
512_512_25_test_C3_250_particles_0.624_emittx_0.9_emitty_0.0025_betax_12.0_betay_0.12_sigmaz_100_offsety_0_seed_167815.ref,output,167815,900.0,2.5,97,95912
512_512_25_test_C3_250_particles_0.624_emittx_0.9_emitty_0.0025_betax_12.0_betay_0.12_sigmaz_100_offsety_0_seed_238461.ref,output,238461,900.0,2.5,104,93034
512_512_25_test_C3_250_particles_0.624_emittx_0.9_emitty_0.0025_betax_12.0_betay_0.12_sigmaz_100_offsety_0_seed_274935.ref,output,274935,900.0,2.5,77,95360
512_512_25_test_C3_250_particles_0.624_emittx_0.9_emitty_0.0025_betax_12.0_betay_0.12_sigmaz_100_offsety_0_seed_286038.ref,output,286038,900.0,2.5,109,97958
512_512_25_test_C3_250_particles_0.624_emittx_0.9_emitty_0.0025_betax_12.0_betay_0.12_sigmaz_100_offsety_0_seed_352871.ref,output,352871,900.0,2.5,86,95294
512_512_25_test_C3_250_particles_0.624_emittx_0.9_emitty_0.003_betax_12.0_betay_0.12_sigmaz_100_offsety_0_seed_100805.ref,output,100805,900.0,3.0,115,94768
512_512_25_test_C3_250_particles_0.624_emittx_0.9_emitty_0.003_betax_12.0_betay_0.12_sigmaz_100_offsety_0_seed_105469.ref,output,105469,900.0,3.0,77,96330
512_512_25_test_C3_250_particles_0.624_emittx_0.9_emitty_0.003_betax_12.0_betay_0.12_sigmaz_100_offsety_0_seed_130471.ref,output,130471,900.0,3.0,102,92978
512_512_25_test_C3_250_particles_0.624_emittx_0.9_emitty_0.003_betax_12.0_betay_0.12_sigmaz_100_offsety_0_seed_143455.ref,output,143455,900.0,3.0,100,95445
512_512_25_test_C3_250_particles_0.624_emittx_0.9_emitty_0.003_betax_12.0_betay_0.12_sigmaz_100_offsety_0_seed_145992.ref,output,145992,900.0,3.0,95,99306
512_512_25_test_C3_250_particles_0.624_emittx_0.9_emitty_0.003_betax_12.0_betay_0.12_sigmaz_100_offsety_0_seed_153768.ref,output,153768,900.0,3.0,79,91780
512_512_25_test_C3_250_particles_0.624_emittx_0.9_emitty_0.003_betax_12.0_betay_0.12_sigmaz_100_offsety_0_seed_159302.ref,output,159302,900.0,3.0,62,92282
512_512_25_test_C3_250_particles_0.624_emittx_0.9_emitty_0.003_betax_12.0_betay_0.12_sigmaz_100_offsety_0_seed_167029.ref,output,167029,900.0,3.0,97,95106
512_512_25_test_C3_250_particles_0.624_emittx_0.9_emitty_0.003_betax_12.0_betay_0.12_sigmaz_100_offsety_0_seed_167815.ref,output,167815,900.0,3.0,100,91664
512_512_25_test_C3_250_particles_0.624_emittx_0.9_emitty_0.003_betax_12.0_betay_0.12_sigmaz_100_offsety_0_seed_286038.ref,output,286038,900.0,3.0,86,93760
512_512_25_test_C3_250_particles_0.624_emittx_0.9_emitty_0.003_betax_12.0_betay_0.12_sigmaz_100_offsety_0_seed_360177.ref,output,360177,900.0,3.0,84,91938
512_512_25_test_C3_250_particles_0.624_emittx_0.9_emitty_0.003_betax_12.0_betay_0.12_sigmaz_100_offsety_0_seed_479728.ref,output,479728,900.0,3.0,106,92960
512_512_25_test_C3_250_particles_0.624_emittx_0.9_emitty_0.003_betax_12.0_betay_0.12_sigmaz_100_offsety_0_seed_527875.ref,output,527875,900.0,3.0,101,90232
512_512_25_test_C3_250_particles_0.624_emittx_0.9_emitty_0.003_betax_12.0_betay_0.12_sigmaz_100_offsety_0_seed_733579.ref,output,733579,900.0,3.0,119,94938
512_512_25_test_C3_250_particles_0.624_emittx_0.9_emitty_0.004_betax_12.0_betay_0.12_sigmaz_100_offsety_0_seed_100805.ref,output,100805,900.0,4.0,75,88692
512_512_25_test_C3_250_particles_0.624_emittx_0.9_emitty_0.004_betax_12.0_betay_0.12_sigmaz_100_offsety_0_seed_105469.ref,output,105469,900.0,4.0,78,87728
512_512_25_test_C3_250_particles_0.624_emittx_0.9_emitty_0.004_betax_12.0_betay_0.12_sigmaz_100_offsety_0_seed_105648.ref,output,105648,900.0,4.0,75,87456
512_512_25_test_C3_250_particles_0.624_emittx_0.9_emitty_0.004_betax_12.0_betay_0.12_sigmaz_100_offsety_0_seed_130471.ref,output,130471,900.0,4.0,114,86812
512_512_25_test_C3_250_particles_0.624_emittx_0.9_emitty_0.004_betax_12.0_betay_0.12_sigmaz_100_offsety_0_seed_135135.ref,output,135135,900.0,4.0,101,86336
512_512_25_test_C3_250_particles_0.624_emittx_0.9_emitty_0.004_betax_12.0_betay_0.12_sigmaz_100_offsety_0_seed_143455.ref,output,143455,900.0,4.0,85,88046
512_512_25_test_C3_250_particles_0.624_emittx_0.9_emitty_0.004_betax_12.0_betay_0.12_sigmaz_100_offsety_0_seed_145992.ref,output,145992,900.0,4.0,91,89380
512_512_25_test_C3_250_particles_0.624_emittx_0.9_emitty_0.004_betax_12.0_betay_0.12_sigmaz_100_offsety_0_seed_153768.ref,output,153768,900.0,4.0,73,83700
512_512_25_test_C3_250_particles_0.624_emittx_0.9_emitty_0.004_betax_12.0_betay_0.12_sigmaz_100_offsety_0_seed_159302.ref,output,159302,900.0,4.0,67,84806
512_512_25_test_C3_250_particles_0.624_emittx_0.9_emitty_0.004_betax_12.0_betay_0.12_sigmaz_100_offsety_0_seed_167029.ref,output,167029,900.0,4.0,91,87854
512_512_25_test_C3_250_particles_0.624_emittx_0.9_emitty_0.004_betax_12.0_betay_0.12_sigmaz_100_offsety_0_seed_167815.ref,output,167815,900.0,4.0,84,84322
512_512_25_test_C3_250_particles_0.624_emittx_0.9_emitty_0.004_betax_12.0_betay_0.12_sigmaz_100_offsety_0_seed_238461.ref,output,238461,900.0,4.0,71,82320
512_512_25_test_C3_250_particles_0.624_emittx_0.9_emitty_0.004_betax_12.0_betay_0.12_sigmaz_100_offsety_0_seed_274935.ref,output,274935,900.0,4.0,81,83400
512_512_25_test_C3_250_particles_0.624_emittx_0.9_emitty_0.004_betax_12.0_betay_0.12_sigmaz_100_offsety_0_seed_286038.ref,output,286038,900.0,4.0,79,86338
512_512_25_test_C3_250_particles_0.624_emittx_0.9_emitty_0.004_betax_12.0_betay_0.12_sigmaz_100_offsety_0_seed_352871.ref,output,352871,900.0,4.0,83,84786
512_512_25_test_C3_250_particles_0.624_emittx_0.9_emitty_0.006_betax_12.0_betay_0.12_sigmaz_100_offsety_0_seed_100805.ref,output,100805,900.0,6.0,82,77400
512_512_25_test_C3_250_particles_0.624_emittx_0.9_emitty_0.006_betax_12.0_betay_0.12_sigmaz_100_offsety_0_seed_105469.ref,output,105469,900.0,6.0,67,76958
512_512_25_test_C3_250_particles_0.624_emittx_0.9_emitty_0.006_betax_12.0_betay_0.12_sigmaz_100_offsety_0_seed_105648.ref,output,105648,900.0,6.0,65,75950
512_512_25_test_C3_250_particles_0.624_emittx_0.9_emitty_0.006_betax_12.0_betay_0.12_sigmaz_100_offsety_0_seed_130471.ref,output,130471,900.0,6.0,75,75490
512_512_25_test_C3_250_particles_0.624_emittx_0.9_emitty_0.006_betax_12.0_betay_0.12_sigmaz_100_offsety_0_seed_135135.ref,output,135135,900.0,6.0,77,75756
512_512_25_test_C3_250_particles_0.624_emittx_0.9_emitty_0.006_betax_12.0_betay_0.12_sigmaz_100_offsety_0_seed_143455.ref,output,143455,900.0,6.0,61,76484
512_512_25_test_C3_250_particles_0.624_emittx_0.9_emitty_0.006_betax_12.0_betay_0.12_sigmaz_100_offsety_0_seed_145992.ref,output,145992,900.0,6.0,79,77712
512_512_25_test_C3_250_particles_0.624_emittx_0.9_emitty_0.006_betax_12.0_betay_0.12_sigmaz_100_offsety_0_seed_153768.ref,output,153768,900.0,6.0,82,74844
512_512_25_test_C3_250_particles_0.624_emittx_0.9_emitty_0.006_betax_12.0_betay_0.12_sigmaz_100_offsety_0_seed_159302.ref,output,159302,900.0,6.0,89,75746
512_512_25_test_C3_250_particles_0.624_emittx_0.9_emitty_0.006_betax_12.0_betay_0.12_sigmaz_100_offsety_0_seed_167029.ref,output,167029,900.0,6.0,87,76818
512_512_25_test_C3_250_particles_0.624_emittx_0.9_emitty_0.006_betax_12.0_betay_0.12_sigmaz_100_offsety_0_seed_167815.ref,output,167815,900.0,6.0,77,73804
512_512_25_test_C3_250_particles_0.624_emittx_0.9_emitty_0.006_betax_12.0_betay_0.12_sigmaz_100_offsety_0_seed_238461.ref,output,238461,900.0,6.0,62,73514
512_512_25_test_C3_250_particles_0.624_emittx_0.9_emitty_0.006_betax_12.0_betay_0.12_sigmaz_100_offsety_0_seed_274935.ref,output,274935,900.0,6.0,65,74722
512_512_25_test_C3_250_particles_0.624_emittx_0.9_emitty_0.006_betax_12.0_betay_0.12_sigmaz_100_offsety_0_seed_286038.ref,output,286038,900.0,6.0,75,76562
512_512_25_test_C3_250_particles_0.624_emittx_0.9_emitty_0.006_betax_12.0_betay_0.12_sigmaz_100_offsety_0_seed_352871.ref,output,352871,900.0,6.0,66,74704
512_512_25_test_C3_250_particles_0.624_emittx_0.9_emitty_0.008_betax_12.0_betay_0.12_sigmaz_100_offsety_0_seed_100805.ref,output,100805,900.0,8.0,72,68868
512_512_25_test_C3_250_particles_0.624_emittx_0.9_emitty_0.008_betax_12.0_betay_0.12_sigmaz_100_offsety_0_seed_105469.ref,output,105469,900.0,8.0,65,68808
512_512_25_test_C3_250_particles_0.624_emittx_0.9_emitty_0.008_betax_12.0_betay_0.12_sigmaz_100_offsety_0_seed_105648.ref,output,105648,900.0,8.0,49,69240
512_512_25_test_C3_250_particles_0.624_emittx_0.9_emitty_0.008_betax_12.0_betay_0.12_sigmaz_100_offsety_0_seed_130471.ref,output,130471,900.0,8.0,63,68488
512_512_25_test_C3_250_particles_0.624_emittx_0.9_emitty_0.008_betax_12.0_betay_0.12_sigmaz_100_offsety_0_seed_135135.ref,output,135135,900.0,8.0,62,68694
512_512_25_test_C3_250_particles_0.624_emittx_0.9_emitty_0.008_betax_12.0_betay_0.12_sigmaz_100_offsety_0_seed_143455.ref,output,143455,900.0,8.0,68,69186
512_512_25_test_C3_250_particles_0.624_emittx_0.9_emitty_0.008_betax_12.0_betay_0.12_sigmaz_100_offsety_0_seed_145992.ref,output,145992,900.0,8.0,56,70714
512_512_25_test_C3_250_particles_0.624_emittx_0.9_emitty_0.008_betax_12.0_betay_0.12_sigmaz_100_offsety_0_seed_153768.ref,output,153768,900.0,8.0,66,67728
512_512_25_test_C3_250_particles_0.624_emittx_0.9_emitty_0.008_betax_12.0_betay_0.12_sigmaz_100_offsety_0_seed_159302.ref,output,159302,900.0,8.0,69,68242
512_512_25_test_C3_250_particles_0.624_emittx_0.9_emitty_0.008_betax_12.0_betay_0.12_sigmaz_100_offsety_0_seed_167029.ref,output,167029,900.0,8.0,57,69592
512_512_25_test_C3_250_particles_0.624_emittx_0.9_emitty_0.008_betax_12.0_betay_0.12_sigmaz_100_offsety_0_seed_167815.ref,output,167815,900.0,8.0,75,66258
512_512_25_test_C3_250_particles_0.624_emittx_0.9_emitty_0.008_betax_12.0_betay_0.12_sigmaz_100_offsety_0_seed_238461.ref,output,238461,900.0,8.0,70,66290
512_512_25_test_C3_250_particles_0.624_emittx_0.9_emitty_0.008_betax_12.0_betay_0.12_sigmaz_100_offsety_0_seed_274935.ref,output,274935,900.0,8.0,69,68388
512_512_25_test_C3_250_particles_0.624_emittx_0.9_emitty_0.008_betax_12.0_betay_0.12_sigmaz_100_offsety_0_seed_286038.ref,output,286038,900.0,8.0,39,67798
512_512_25_test_C3_250_particles_0.624_emittx_0.9_emitty_0.008_betax_12.0_betay_0.12_sigmaz_100_offsety_0_seed_352871.ref,output,352871,900.0,8.0,83,67822
512_512_25_test_C3_250_particles_0.624_emittx_0.9_emitty_0.020_betax_12.0_betay_0.12_sigmaz_100_offsety_0_seed_100805.ref,output,100805,900.0,20.0,54,47244
512_512_25_test_C3_250_particles_0.624_emittx_0.9_emitty_0.020_betax_12.0_betay_0.12_sigmaz_100_offsety_0_seed_105469.ref,output,105469,900.0,20.0,37,46918
512_512_25_test_C3_250_particles_0.624_emittx_0.9_emitty_0.020_betax_12.0_betay_0.12_sigmaz_100_offsety_0_seed_130471.ref,output,130471,900.0,20.0,35,46526
512_512_25_test_C3_250_particles_0.624_emittx_0.9_emitty_0.020_betax_12.0_betay_0.12_sigmaz_100_offsety_0_seed_135135.ref,output,135135,900.0,20.0,50,48198
512_512_25_test_C3_250_particles_0.624_emittx_0.9_emitty_0.020_betax_12.0_betay_0.12_sigmaz_100_offsety_0_seed_143455.ref,output,143455,900.0,20.0,42,47168
512_512_25_test_C3_250_particles_0.624_emittx_0.9_emitty_0.020_betax_12.0_betay_0.12_sigmaz_100_offsety_0_seed_145992.ref,output,145992,900.0,20.0,45,48192
512_512_25_test_C3_250_particles_0.624_emittx_0.9_emitty_0.020_betax_12.0_betay_0.12_sigmaz_100_offsety_0_seed_153768.ref,output,153768,900.0,20.0,44,46712
512_512_25_test_C3_250_particles_0.624_emittx_0.9_emitty_0.020_betax_12.0_betay_0.12_sigmaz_100_offsety_0_seed_159302.ref,output,159302,900.0,20.0,46,47716
512_512_25_test_C3_250_particles_0.624_emittx_0.9_emitty_0.020_betax_12.0_betay_0.12_sigmaz_100_offsety_0_seed_167029.ref,output,167029,900.0,20.0,51,47062
512_512_25_test_C3_250_particles_0.624_emittx_0.9_emitty_0.020_betax_12.0_betay_0.12_sigmaz_100_offsety_0_seed_167815.ref,output,167815,900.0,20.0,53,47598
512_512_25_test_C3_250_particles_0.624_emittx_0.9_emitty_0.020_betax_12.0_betay_0.12_sigmaz_100_offsety_0_seed_286038.ref,output,286038,900.0,20.0,42,46586
512_512_25_test_C3_250_particles_0.624_emittx_0.9_emitty_0.020_betax_12.0_betay_0.12_sigmaz_100_offsety_0_seed_360177.ref,output,360177,900.0,20.0,43,47044
512_512_25_test_C3_250_particles_0.624_emittx_0.9_emitty_0.020_betax_12.0_betay_0.12_sigmaz_100_offsety_0_seed_479728.ref,output,479728,900.0,20.0,28,47198
512_512_25_test_C3_250_particles_0.624_emittx_0.9_emitty_0.020_betax_12.0_betay_0.12_sigmaz_100_offsety_0_seed_527875.ref,output,527875,900.0,20.0,41,46790
512_512_25_test_C3_250_particles_0.624_emittx_0.9_emitty_0.020_betax_12.0_betay_0.12_sigmaz_100_offsety_0_seed_733579.ref,output,733579,900.0,20.0,55,47714
